Date,Q_median,A_mean,AC_mean,AC_median,AC_std,coherence_mean,NIU_mean,n_forecasters,AC_se_lo,AC_se_hi,ACI_mean,ACI_median,ACI_std,ACI_se_lo,ACI_se_hi,Q_norm_formula,A_norm_formula,AC_formula,coherence_formula
1999-01-01,2.4964454975340216,-0.03996226459560572,-0.033432056882441795,-0.04703110966723685,0.18308078869724537,0.4362644891175691,0.5175106476020741,57,-0.05768169974109076,-0.009182414023792832,-0.033432056882441795,-0.04703110966723685,0.18308078869724537,-0.05768169974109076,-0.009182414023792832,0.49214755602036164,-0.8982152494706235,-0.05664091667457747,0.2789727800964066
1999-04-01,2.564516129032258,-0.03475497829653033,0.02072855698707877,-0.016884642841987815,0.25864802163282224,0.4832952538698467,0.4651695660286369,51,-0.015489410359489909,0.056946524333647455,0.02072855698707877,-0.016884642841987815,0.25864802163282224,-0.015489410359489909,0.056946524333647455,0.6402764709437143,-0.8544145722278628,-0.024247845079450627,0.22646922648553036
1999-07-01,2.6547619047619047,-0.02151504848597971,0.12604149728714667,0.15129372095468693,0.21918212474659007,0.4810388622987043,0.4710584400076076,44,0.09299854871726893,0.15908444585702441,0.12604149728714667,0.15129372095468693,0.21918212474659007,0.09299854871726893,0.15908444585702441,0.7775818166917615,-0.6570498891444844,0.0147377387111037,0.24454497677095566
1999-10-01,2.75,-0.030107785361305442,0.13366610353638095,0.048394296929494776,0.24433441841869813,0.43677541262437597,0.5616814225866869,47,0.09802626567109454,0.16930594140166735,0.13366610353638095,0.048394296929494776,0.24433441841869813,0.09802626567109454,0.16930594140166735,0.8701028025279437,-0.8012736139386054,0.005210534472370494,0.1514047914601629
2000-01-01,2.986842105263158,-0.011928772841790886,0.21604912593481607,0.18369416094080865,0.22045385273254597,0.45483078692416873,0.5226785408375716,48,0.18422935313005967,0.24786889873957246,0.21604912593481607,0.18369416094080865,0.22045385273254597,0.18422935313005967,0.24786889873957246,0.9651564326402373,-0.4108873587835584,0.0836155667977513,0.3017147112897457
2000-04-01,2.9451754385964914,0.002015290796393028,0.27818174347394975,0.22613384877226733,0.2613549545833363,0.5080517777337165,0.41322914463201604,50,0.2412205713374339,0.3151429156104656,0.27818174347394975,0.22613384877226733,0.2613549545833363,0.2412205713374339,0.3151429156104656,0.9591315528240691,0.07364049850092555,0.27642942433109374,0.5353154628389656
2000-07-01,3.0,0.01948505411219829,0.30559808326145554,0.2341226329362105,0.31838855974448976,0.538933822755798,0.43289671023943566,40,0.2552564317747963,0.3559397347481148,0.30559808326145554,0.2341226329362105,0.31838855974448976,0.2552564317747963,0.3559397347481148,0.9715023206692376,0.6127371755618584,0.6318246484781116,0.7976377940093298
2000-10-01,2.825757575757576,-0.005135853068218683,0.23243436588514801,0.18516400284207155,0.28064329834718427,0.48190156665047157,0.4222963346050143,50,0.19274541001397733,0.2721233217563187,0.23243436588514801,0.18516400284207155,0.28064329834718427,0.19274541001397733,0.2721233217563187,0.9319999834233766,-0.18582460695069927,0.15423658986329586,0.4134057347011464
2001-01-01,2.732142857142857,-0.019276899101487367,0.15618633465556545,0.061918350343082136,0.20780795927461904,0.43136017259809445,0.44949860229054145,50,0.12679785121804124,0.18557481809308965,0.15618633465556545,0.061918350343082136,0.20780795927461904,0.12679785121804124,0.18557481809308965,0.895617152226156,-0.6079558731603432,0.032757736828624505,0.22775214610048367
2001-04-01,2.7,-0.015128683643875998,0.1168166484070425,0.05386723910387588,0.2535481063452598,0.4245426773432137,0.47231183352134193,49,0.08059549035771968,0.15303780645636533,0.1168166484070425,0.05386723910387588,0.2535481063452598,0.08059549035771968,0.15303780645636533,0.8841488822906202,-0.5033762258053319,0.05282653948411423,0.2774702362912725
2001-07-01,2.525,-0.03303514793933045,0.05829348494561702,0.04028099215893173,0.1540485640118946,0.41531658955102985,0.533440210478695,30,0.030168193792085955,0.08641877609914808,0.05829348494561702,0.04028099215893173,0.1540485640118946,0.030168193792085955,0.08641877609914808,0.7386136611189744,-0.836476163079528,-0.009349961516460255,0.19108363937453876
2001-10-01,2.44,-0.03845573154369325,0.031126513979334358,0.0002467167103931369,0.19511684219619072,0.4101731541180996,0.5491160436529883,35,-0.0018542518909262715,0.064107279849595,0.031126513979334358,0.0002467167103931369,0.19511684219619072,-0.0018542518909262715,0.064107279849595,0.633517145629167,-0.8870163753054511,-0.027761962927965525,0.21902995889508037
2002-01-01,2.625,-0.042679074217409706,0.04280819718270761,0.021090283320503708,0.20863711081609643,0.398776973245139,0.5142150065083381,41,0.010224554716987848,0.07539183964842738,0.04280819718270761,0.021090283320503708,0.20863711081609643,0.010224554716987848,0.07539183964842738,0.8585446837190192,-0.9158018344095789,-0.0030595817062275543,0.10687160186376526
2002-04-01,2.5714285714285716,-0.043865537456200844,0.05304549625199109,0.010305368146225229,0.17963382910677161,0.3949462082235868,0.45661488899038793,45,0.026267266055902985,0.0798237264480792,0.05304549625199109,0.010305368146225229,0.17963382910677161,0.026267266055902985,0.0798237264480792,0.8255009477171562,-0.9225358025641736,-0.005784388899646919,0.11922291034013371
2002-07-01,2.5,-0.053810751426641844,0.010148709005800546,-0.013278682061417846,0.13230171414258854,0.3807733784595962,0.685693852365243,40,-0.010770028745953987,0.03106744675755508,0.010148709005800546,-0.013278682061417846,0.13230171414258854,-0.010770028745953987,0.03106744675755508,0.7661431051751288,-0.9618349862775121,-0.012871474819736916,0.1315483784736347
2002-10-01,2.380952380952381,-0.04067410276953774,-0.005881210696624706,-0.011589855209282539,0.20006286420033761,0.429349040015578,0.6949168340781988,40,-0.037513927001126095,0.02575150560787668,-0.005881210696624706,-0.011589855209282539,0.20006286420033761,-0.037513927001126095,0.02575150560787668,0.615277580785212,-0.9031337343547459,-0.03197520984204435,0.22216103040034885
2003-01-01,2.28125,-0.043401696238327896,-0.03493786612322682,-0.01958631169972228,0.20807763846902683,0.4602548714677236,0.7085205846684073,43,-0.066669408507938,-0.0032063237385156484,-0.03493786612322682,-0.01958631169972228,0.20807763846902683,-0.066669408507938,-0.0032063237385156484,0.4437462121385335,-0.9199670327983759,-0.07045307421085042,0.29588405695169734
2003-04-01,2.25,-0.04420092577509894,-0.03469352651807522,-0.02447401930808727,0.24765588658861934,0.4784106225821584,0.6838871966602712,42,-0.07290765945653109,0.0035206064203806564,-0.03469352651807522,-0.02447401930808727,0.24765588658861934,-0.07290765945653109,0.0035206064203806564,0.40044671617248967,-0.9243437105099508,-0.08249407762427192,0.3149247982557979
2003-07-01,2.1,-0.028699492693538695,-0.060708468589363886,-0.03684995008402063,0.21647425451263183,0.49649993737643505,0.6848778203202481,37,-0.09629661680892274,-0.025120320369805042,-0.060708468589363886,-0.03684995008402063,0.21647425451263183,-0.09629661680892274,-0.025120320369805042,0.04568826141042876,-0.7820420724021447,-0.17751094607326204,0.48213492868106866
2003-10-01,2.25,-0.04028570850179695,-0.018761193359714063,-0.029752067147662663,0.18854433486857425,0.45119919629388644,0.7066554314624043,41,-0.04820687141892438,0.010684484699496257,-0.018761193359714063,-0.029752067147662663,0.18854433486857425,-0.04820687141892438,0.010684484699496257,0.454391804476385,-0.9004787393030104,-0.06589036816667936,0.2954149203777424
2004-01-01,2.2002461094714034,-0.04487370657974136,-0.05446003299309428,-0.026198648328990937,0.14727217995594516,0.43161253677381883,0.6939636535041181,47,-0.07594188827024462,-0.03297817771594394,-0.05446003299309428,-0.026198648328990937,0.14727217995594516,-0.07594188827024462,-0.03297817771594394,0.36856015394364533,-0.9278488503804725,-0.09200744877533056,0.3290159424336694
2004-04-01,2.151923076923077,-0.05832436577922787,-0.08329165608277048,-0.09516032513054856,0.1927083710534718,0.4564620403714669,0.5926287614566482,52,-0.11001549889217174,-0.05656781327336921,-0.08329165608277048,-0.09516032513054856,0.1927083710534718,-0.11001549889217174,-0.05656781327336921,0.2795703738462842,-0.9724268476124359,-0.12612382727277327,0.3640691313374138
2004-07-01,2.25,-0.03183357135074065,0.020710535170291,0.014675593288340236,0.2251498770267187,0.48271952974506255,0.5311350102274017,40,-0.014888786145271518,0.056309856485853516,0.020710535170291,0.014675593288340236,0.2251498770267187,-0.014888786145271518,0.056309856485853516,0.5293784265923255,-0.8227713330293448,-0.04140086419302516,0.2822213031378276
2004-10-01,2.1,-0.03486425304035133,-0.01751455559853922,-0.017998592345454256,0.22705468908822077,0.47695817825892967,0.528224017843663,41,-0.052974540547894494,0.017945429350816056,-0.01751455559853922,-0.017998592345454256,0.22705468908822077,-0.052974540547894494,0.017945429350816056,0.20775164500734133,-0.8554908547735613,-0.1331541895360418,0.41113518381602804
2005-01-01,2.1416666666666666,-0.04097781277947756,-0.03328095460099673,-0.019559819863564018,0.19013121134850838,0.4582570951241527,0.5116367163101198,48,-0.06072403111434947,-0.005837878087643994,-0.03328095460099673,-0.019559819863564018,0.19013121134850838,-0.06072403111434947,-0.005837878087643994,0.3435752763826882,-0.9051628656473182,-0.09673464414896159,0.3445042091319383
2005-04-01,2.1,-0.035737522998190684,-0.06606840985412803,-0.09021586894193163,0.16197549291440905,0.46792928199784245,0.5182839032820993,47,-0.08969496375095558,-0.042441855957300476,-0.06606840985412803,-0.09021586894193163,0.16197549291440905,-0.08969496375095558,-0.042441855957300476,0.26999696936862094,-0.8638316393717964,-0.11383336674488113,0.3833840376624437
2005-07-01,2.0,-0.038078047302083994,-0.1266405956072848,-0.11679662763837781,0.18094493345321624,0.4829798769515354,0.5302806996011201,30,-0.15967646951348402,-0.09360472170108558,-0.1266405956072848,-0.11679662763837781,0.18094493345321624,-0.15967646951348402,-0.09360472170108558,0.03554508990656862,-0.8840322506164809,-0.2054562859283859,0.4842884970857655
2005-10-01,2.0,-0.02434762217741298,-0.05820591397016431,-0.09282762265865771,0.20343871880201517,0.4935719846503217,0.46322261909305557,37,-0.09165103331991495,-0.02476079462041366,-0.05820591397016431,-0.09282762265865771,0.20343871880201517,-0.09165103331991495,-0.02476079462041366,0.06847282287348726,-0.7120337606802235,-0.15304603725319949,0.47562251921250004
2006-01-01,1.9545454545454544,-0.0023483524126475274,-0.016298415178360517,0.01346137590620442,0.16555971057712032,0.47054895160570487,0.5058196821672655,43,-0.041546034346051176,0.008949203989330141,-0.016298415178360517,0.01346137590620442,0.16555971057712032,-0.041546034346051176,0.008949203989330141,-0.023086852175380677,-0.08575533811209927,-0.02726441958031975,0.5009899104071219
2006-04-01,1.9166666666666667,-0.004965656469323617,-0.026684523985765176,0.0027597867539829518,0.17157030996239153,0.4695097332988602,0.5379533105211215,47,-0.05171062578972055,-0.0016584221818097995,-0.026684523985765176,0.0027597867539829518,0.17157030996239153,-0.05171062578972055,-0.0016584221818097995,-0.0937044756751483,-0.17980244152360497,-0.06952876050405206,0.5084241467540405
2006-07-01,1.9736842105263157,-0.01740053719882468,-0.013077454510613085,0.024967842494026858,0.18583188961589528,0.46832950426349623,0.45578288161878466,33,-0.045426634256766116,0.01927172523553995,-0.013077454510613085,0.024967842494026858,0.18583188961589528,-0.045426634256766116,0.01927172523553995,0.09516189103222952,-0.5628425250277342,-0.11065777929512116,0.47321942048250293
2006-10-01,2.0,-0.00969745031959887,0.01629002177901195,0.0069793952870593765,0.20747389093517885,0.49063377078072234,0.5037003332105828,37,-0.0178184757830336,0.050398519341057504,0.01629002177901195,0.0069793952870593765,0.20747389093517885,-0.0178184757830336,0.050398519341057504,0.1980099114709325,-0.3407987852887652,-0.033288315275659286,0.46625923134778513
2007-01-01,2.1875,-0.004923051622546192,0.10354357203633027,0.04203967344841252,0.23030920336981586,0.4981822570323563,0.4999717661807687,49,0.07064225726921372,0.13644488680344682,0.10354357203633027,0.04203967344841252,0.23030920336981586,0.07064225726921372,0.13644488680344682,0.6339731022362678,-0.1782927989978804,0.10104336623460747,0.4434835805564632
2007-04-01,2.25,-0.0030028083267821504,0.14248647251495136,0.10881852122128258,0.19583126222876396,0.47782936423618444,0.460425352550026,48,0.11422066452407109,0.17075228050583163,0.14248647251495136,0.10881852122128258,0.19583126222876396,0.11422066452407109,0.17075228050583163,0.7409136214081203,-0.10948362833472819,0.14505242768561985,0.4594410442228079
2007-07-01,2.2565789473684212,0.007760241780892657,0.18124109368064703,0.13756526218668313,0.2199592205798659,0.4866978332418082,0.48803184172660724,34,0.143518398562151,0.21896378879914305,0.18124109368064703,0.13756526218668313,0.2199592205798659,0.143518398562151,0.21896378879914305,0.763089131792003,0.2766772894182566,0.31482292893110336,0.6055647162843711
2007-10-01,2.171875,-0.012968639335156186,0.08450666174814286,0.053204928712900994,0.1757807784415483,0.4442835124026753,0.5916665370469708,41,0.057054316311218684,0.11195900718506704,0.08450666174814286,0.053204928712900994,0.1757807784415483,0.057054316311218684,0.11195900718506704,0.6663944401449431,-0.4420251241390495,0.03956959951863648,0.35271845743467956
2008-01-01,2.072916666666667,-0.04150359543193576,0.014350337264765816,-0.03662889334129102,0.16366694371703733,0.42706308099238655,0.5706949121126264,38,-0.012199946937140509,0.040900621466672143,0.014350337264765816,-0.03662889334129102,0.16366694371703733,-0.012199946937140509,0.040900621466672143,0.5122578759239289,-0.9085805254858885,-0.05296579441427933,0.26728623495437576
2008-04-01,1.8333333333333333,-0.054081450516586416,-0.14377525762567425,-0.12655475275410602,0.21260653961454148,0.49996158954148,0.534448278941689,44,-0.17582689943827723,-0.11172361581307128,-0.14377525762567425,-0.12655475275410602,0.21260653961454148,-0.17582689943827723,-0.11172361581307128,-0.05835374657706253,-0.9625699175220802,-0.26956712453912846,0.5280847805148937
2008-07-01,1.7456896551724137,-0.007607004440786378,-0.10267695561330069,-0.046752254893466315,0.23770723557969728,0.5121651746036933,0.584618842747845,36,-0.1422948282099169,-0.06305908301668448,-0.10267695561330069,-0.046752254893466315,0.23770723557969728,-0.1422948282099169,-0.06305908301668448,-0.2597354238366131,-0.27148912486835725,-0.14217100748040384,0.5352576714573569
2008-10-01,1.25,-0.007185020912542686,-0.21851765659706288,-0.13730652503182886,0.26660079408938014,0.4743700349322901,0.48601372249348235,40,-0.2606709433636627,-0.17636436983046302,-0.21851765659706288,-0.13730652503182886,0.26660079408938014,-0.2606709433636627,-0.17636436983046302,-0.9205444594304087,-0.257120983340859,-0.36410215085067194,0.6183456483088631
2009-01-01,0.9122602369054074,-0.045920609746940774,-0.4649635159215827,-0.5163986809911904,0.322759566663465,0.6406074662064709,0.6267254737409804,46,-0.512551817798151,-0.4173752140450145,-0.4649635159215827,-0.5163986809911904,0.322759566663465,-0.512551817798151,-0.4173752140450145,-0.9862382579670825,-0.9329941248197697,-0.9213056742591768,0.9600772501778863
2009-04-01,0.7984563865975172,-0.0488748802584332,-0.4617663385603422,-0.4061424990078227,0.31685218123127773,0.6411286532803383,0.5273509154493445,41,-0.5112503356658412,-0.4122823414548432,-0.4617663385603422,-0.4061424990078227,0.31685218123127773,-0.5112503356658412,-0.4122823414548432,-0.9921028170258226,-0.9456728996511504,-0.9389515235242627,0.9691023738644422
2009-07-01,1.25,-0.03197141613249353,-0.3019866380776852,-0.20467501644187733,0.2869119926691509,0.5600329429871295,0.5257292226431762,36,-0.3498053035225437,-0.25416797263282676,-0.3019866380776852,-0.20467501644187733,0.2869119926691509,-0.3498053035225437,-0.25416797263282676,-0.9039709286144388,-0.8243947098882168,-0.7540983945391606,0.8726144257212411
2009-10-01,1.6,-0.04032753228296724,-0.19401539921393973,-0.05129134893624543,0.2880303988863565,0.5236022956678736,0.5748958550518017,39,-0.24013717522735484,-0.14789362320052463,-0.19401539921393973,-0.05129134893624543,0.2880303988863565,-0.24013717522735484,-0.14789362320052463,-0.4624167416841204,-0.9007679200646113,-0.48274804900673407,0.7082650833049299
2010-01-01,1.5833333333333333,-0.055587133538449844,-0.22443433569488466,-0.18320681851978715,0.22623522432210832,0.5342563359222637,0.7157580990881806,42,-0.2593431886872113,-0.189525482702558,-0.22443433569488466,-0.18320681851978715,0.22623522432210832,-0.2593431886872113,-0.189525482702558,-0.4723423067299013,-0.9664112038654595,-0.5238778122668942,0.728238448641716
2010-04-01,1.6000721761097076,-0.04294496077103073,-0.16123721763910556,-0.08614676672964745,0.21676054487183927,0.48348697380291317,0.642114560711546,38,-0.19640042127329377,-0.12607401400491736,-0.16123721763910556,-0.08614676672964745,0.21676054487183927,-0.19640042127329377,-0.12607401400491736,-0.40877774597413763,-0.9173579713896313,-0.4558576688303151,0.6874977618980305
2010-07-01,1.625,-0.01829099521911847,-0.1199488173158713,-0.13467435599436428,0.17747842675175296,0.49240593959623274,0.6413722021151163,33,-0.15084384582752147,-0.08905378880422113,-0.1199488173158713,-0.13467435599436428,0.17747842675175296,-0.15084384582752147,-0.08905378880422113,-0.32098123280036595,-0.5847043116793569,-0.26891595052997275,0.5938395553932647
2010-10-01,1.6052631578947372,-0.026404456184617425,-0.10752130557690157,-0.07369601813804084,0.176713936871509,0.5029288358403285,0.6944665430072257,37,-0.13657289784132048,-0.07846971331248265,-0.10752130557690157,-0.07369601813804084,0.176713936871509,-0.13657289784132048,-0.07846971331248265,-0.3397968233278504,-0.7472027736626627,-0.34074641843794645,0.6269485644361658
2011-01-01,1.7253594292514711,-0.025042441246534937,-0.0457433227990875,-0.025802624778187455,0.20660762930131438,0.4858087760787752,0.6481405224019519,42,-0.07762357212800636,-0.013863073470168637,-0.0457433227990875,-0.025802624778187455,0.20660762930131438,-0.07762357212800636,-0.013863073470168637,0.008605791077938957,-0.7243479122412797,-0.17782012013107562,0.49688320659975516
2011-04-01,1.7141666666666666,-0.0287984861802874,-0.06414392655957485,-0.04607068417146255,0.19049922744719266,0.4819891661475957,0.6860783274815654,40,-0.09426449912135446,-0.034023353997795235,-0.06414392655957485,-0.04607068417146255,0.19049922744719266,-0.09426449912135446,-0.034023353997795235,0.010921587566727769,-0.7834456362987999,-0.19147849244791124,0.49572176493969594
2011-07-01,1.75,-0.02301973210113641,-0.02482351516399282,-0.01880863213754512,0.1641851197217638,0.4935446967974142,0.7034184473610198,32,-0.053847618045288904,0.004200587717303264,-0.02482351516399282,-0.01880863213754512,0.1641851197217638,-0.053847618045288904,0.004200587717303264,0.14128870218528414,-0.6872295188176536,-0.12323279563075695,0.45145111659141823
2011-10-01,1.4253712943718675,-0.014679888826351373,-0.1410719385884487,-0.10179943945788363,0.23626273760377922,0.5364521079360699,0.7377344129261347,38,-0.1793988156427782,-0.10274506153411916,-0.1410719385884487,-0.10179943945788363,0.23626273760377922,-0.1793988156427782,-0.10274506153411916,-0.613966453939845,-0.49100889224501704,-0.3595211290453156,0.6507314942123023
2012-01-01,1.1111111111111112,-0.025472231068593056,-0.3043299818692387,-0.29680723467380854,0.21398850427233831,0.5888902677824847,0.7606471314296546,37,-0.33950947526659925,-0.26915048847187817,-0.3043299818692387,-0.29680723467380854,0.21398850427233831,-0.33950947526659925,-0.26915048847187817,-0.9128439478927176,-0.7317414340104935,-0.6857780181573377,0.8339828697294087
2012-04-01,1.25,-0.03057991922813534,-0.2711225973453353,-0.21762230518849993,0.24279045393564927,0.5747782901435327,0.7504830672011767,37,-0.31103710209976404,-0.23120809259090655,-0.2711225973453353,-0.21762230518849993,0.24279045393564927,-0.31103710209976404,-0.23120809259090655,-0.8111226847573636,-0.8073753081004322,-0.6696051625874518,0.827440213756613
2012-07-01,1.25,-0.033055150703271446,-0.2634724415933921,-0.2271778945728683,0.28202316732231525,0.5870057824711842,0.6990629979382923,31,-0.3141252977388642,-0.21281958544792,-0.2634724415933921,-0.2271778945728683,0.28202316732231525,-0.3141252977388642,-0.21281958544792,-0.7995206563476048,-0.836695926936417,-0.6826932387323718,0.8344778383337859
2012-10-01,1.25,-0.025178231342136093,-0.2489049594210477,-0.22973433606459656,0.2992234461513056,0.572155659552664,0.7242884686258334,33,-0.30099307553405297,-0.19681684330804244,-0.2489049594210477,-0.22973433606459656,0.2992234461513056,-0.30099307553405297,-0.19681684330804244,-0.7872896592826609,-0.726702179019667,-0.5950461466808921,0.7860625554601804
2013-01-01,1.2,-0.03980339501414461,-0.3087459222194319,-0.230695467682488,0.29006011645224405,0.600818372362289,0.7387773331388889,37,-0.3564315116218548,-0.261060332817009,-0.3087459222194319,-0.230695467682488,0.29006011645224405,-0.3564315116218548,-0.261060332817009,-0.8237593239048489,-0.8970857019200099,-0.7481299371832912,0.869491355649167
2013-04-01,1.2142857142857142,-0.03591642975107894,-0.26473263156856836,-0.2279988833098143,0.2862898756923564,0.58529077778398,0.7639072326164545,39,-0.3105757008162733,-0.21888956232086343,-0.26473263156856836,-0.2279988833098143,0.2862898756923564,-0.3105757008162733,-0.21888956232086343,-0.799127593276203,-0.8654844354151656,-0.7039779493641735,0.8458162469456674
2013-07-01,1.25,-0.044449530124486054,-0.30321534274184453,-0.2270788244406962,0.3148825855444367,0.6137356159945628,0.6693613049960512,31,-0.35976992462152485,-0.24666076086216418,-0.30321534274184453,-0.2270788244406962,0.3148825855444367,-0.35976992462152485,-0.24666076086216418,-0.7465882288423741,-0.9256575803220608,-0.7069774733751866,0.8455425267035825
2013-10-01,1.4083333333333332,-0.04997242805085379,-0.21348574263898182,-0.18172408656164812,0.293896518393364,0.5939900594536789,0.7158185321831587,32,-0.265439797919748,-0.1615316873582157,-0.21348574263898182,-0.18172408656164812,0.293896518393364,-0.265439797919748,-0.1615316873582157,-0.46041752009950204,-0.9497622586449656,-0.5067083307141557,0.7186435919047085
2014-01-01,1.525,-0.04535296839748219,-0.13490994028446918,-0.13328677211552772,0.17623488774415758,0.5114028739678524,0.7144524496609574,36,-0.1642824215751621,-0.10553745899377624,-0.13490994028446918,-0.13328677211552772,0.17623488774415758,-0.1642824215751621,-0.10553745899377624,-0.14377710404638447,-0.9302498846492728,-0.3044191579502063,0.5668743172271778
2014-04-01,1.625,-0.04829501955946395,-0.05557796837271333,-0.057550430824443964,0.17835931239826036,0.47695916927071824,0.7211374819484485,37,-0.0849000587074672,-0.02625587803795947,-0.05557796837271333,-0.057550430824443964,0.17835931239826036,-0.0849000587074672,-0.02625587803795947,0.1611433688595085,-0.9433835294848274,-0.16583100283851362,0.42398999996612075
2014-07-01,1.684659090909091,-0.04660002086872181,-0.02417623339107523,0.017178502459786214,0.1712195091171854,0.4669395265244988,0.6725496981730803,32,-0.054443852383123645,0.006091385600973189,-0.02417623339107523,0.017178502459786214,0.1712195091171854,-0.054443852383123645,0.006091385600973189,0.34454225894023444,-0.9361418144374868,-0.10019619727404597,0.33872979228264927
2014-10-01,1.6071428571428572,-0.04742830491611401,-0.10659291528463032,-0.09313428716018476,0.20363828653895794,0.4897256324402217,0.7341875301359602,36,-0.14053262970778996,-0.07265320086147066,-0.10659291528463032,-0.09313428716018476,0.20363828653895794,-0.14053262970778996,-0.07265320086147066,0.17770770815764678,-0.9397861122923182,-0.15870144902808989,0.41649638191307364
2015-01-01,1.631578947368421,-0.05043207978855916,-0.07607727857779359,-0.05885823474154852,0.22946106365129326,0.5025139120738596,0.7276154513247012,37,-0.11380044506807634,-0.03835411208751084,-0.07607727857779359,-0.05885823474154852,0.22946106365129326,-0.11380044506807634,-0.03835411208751084,0.2725977122815504,-0.9513843695805364,-0.12568664852674205,0.3703273986759604
2015-04-01,1.7317629179331306,-0.04860027428140189,0.005378015349258247,-0.0074795495886304025,0.162657891651228,0.44481289716696787,0.7460316418090678,40,-0.0203404555016801,0.031096486200196595,0.005378015349258247,-0.0074795495886304025,0.162657891651228,-0.0203404555016801,0.031096486200196595,0.5281047265457882,-0.944600156369431,-0.05218189947905797,0.25057609636270645
2015-07-01,1.7,-0.02703036864773262,0.07773666650225518,0.05766837163041051,0.20717470240747748,0.4690235656028696,0.7179914891546366,29,0.039265290076968565,0.11620804292754179,0.07773666650225518,0.05766837163041051,0.20717470240747748,0.039265290076968565,0.11620804292754179,0.4879765890523666,-0.7571510528691395,-0.04243050987601224,0.31526400591175463
2015-10-01,1.6666666666666667,-0.04408446046651889,0.003415969226672043,-0.005853682652501523,0.17347086289812222,0.44455054207947303,0.7416982115013908,33,-0.026781431963245304,0.03361337041658939,0.003415969226672043,-0.005853682652501523,0.17347086289812222,-0.026781431963245304,0.03361337041658939,0.4422150314504304,-0.923720546426014,-0.07120466112516466,0.29575844475540575
2016-01-01,1.7005929357699114,-0.04923574038229168,-0.012627064768375423,-0.0023899241936751214,0.17383576579003404,0.4274422950533697,0.6658678270170553,35,-0.04201067218466285,0.01675654264791201,-0.012627064768375423,-0.0023899241936751214,0.17383576579003404,-0.04201067218466285,0.01675654264791201,0.5378089138351522,-0.9470519319157911,-0.050200513970592345,0.24533351457544295
2016-04-01,1.55,-0.031968027535583005,-0.015607750887259039,-0.02293480836723498,0.21634052473243984,0.4993378969208663,0.7749327485519378,36,-0.05166450500933235,0.020449003234814266,-0.015607750887259039,-0.02293480836723498,0.21634052473243984,-0.05166450500933235,0.020449003234814266,0.21745234163369978,-0.8243549645112918,-0.1245276306634886,0.41037104131482705
2016-07-01,1.55,-0.02301506922554204,-0.026731472749371734,-0.05953992978550312,0.1613820173400263,0.46401810793082643,0.6888839488581053,29,-0.056699361035022766,0.003236415536279298,-0.026731472749371734,-0.05953992978550312,0.1613820173400263,-0.056699361035022766,0.003236415536279298,0.24867549834155422,-0.687139430060853,-0.0908853803248669,0.4145626298997429
2016-10-01,1.545,-0.04173575027043096,-0.04245283321745903,-0.07327519556690938,0.13217926754174103,0.4381413607156848,0.7539142129924709,28,-0.06743236681703893,-0.01747329961787913,-0.04245283321745903,-0.07327519556690938,0.13217926754174103,-0.06743236681703893,-0.01747329961787913,0.2666970349611736,-0.9100519632736449,-0.12180185931597388,0.378645919867162
2017-01-01,1.568733153638814,-0.03614505798612212,-0.04923198423944623,-0.05226378306935657,0.15809928944210017,0.4571181031865261,0.7745913071621817,38,-0.07487907565250748,-0.02358489282638498,-0.04923198423944623,-0.05226378306935657,0.15809928944210017,-0.07487907565250748,-0.02358489282638498,0.3552414745311876,-0.8675694799815078,-0.08860755616656715,0.34590166933655675
2017-04-01,1.625,-0.03777372455244455,-0.020860957962969568,-0.04287877233423985,0.13898634371771923,0.43999595977791117,0.7094906582243289,33,-0.04505537488720306,0.003333458961263927,-0.020860957962969568,-0.04287877233423985,0.13898634371771923,-0.04505537488720306,0.003333458961263927,0.5070873697730133,-0.8815741137092148,-0.05176950636087149,0.2764824507096095
2017-07-01,1.6923303059945043,-0.032741155585974,0.02323669374237151,-0.005991668685030504,0.14961319807468523,0.42742811859780855,0.6946923114012598,36,-0.0016988392700760281,0.04817222675481905,0.02323669374237151,-0.005991668685030504,0.14961319807468523,-0.0016988392700760281,0.04817222675481905,0.6507059184660504,-0.8332149531987071,-0.020889167323654246,0.22891104929959405
2017-10-01,1.7916666666666667,-0.022308904782799878,0.09805200208347148,0.08004931496702644,0.2784127411631379,0.49612654292915315,0.6386423822905939,35,0.05099165953054044,0.14511234463640252,0.09805200208347148,0.08004931496702644,0.2784127411631379,0.05099165953054044,0.14511234463640252,0.7939551776120046,-0.6732508197386665,0.014046034968394598,0.23273451291847963
2018-01-01,1.96875,-0.010966428220637639,0.19073958996514398,0.10652676361915715,0.23576483366412554,0.4566905575887457,0.6002280351501736,37,0.15198009006854574,0.22949908986174222,0.19073958996514398,0.10652676361915715,0.23576483366412554,0.15198009006854574,0.22949908986174222,0.9217946290260333,-0.3811886667483676,0.08766227530344388,0.3243111671728801
2018-04-01,1.912878787878788,-0.0017429810288529645,0.20257863395711717,0.1861122370346487,0.2692730420792522,0.4966424616548956,0.5970111917182939,38,0.15889677839881727,0.24626048951541707,0.20257863395711717,0.1861122370346487,0.2692730420792522,0.15889677839881727,0.24626048951541707,0.9015788528449189,-0.06371911830095905,0.19743163201434902,0.47127609520896585
2018-07-01,1.8102240896358541,-0.018174775112197766,0.1295637605989912,0.12873905548232817,0.2636321292837174,0.48230000896270214,0.6214394767027782,34,0.0843512234287267,0.17477629776925568,0.1295637605989912,0.12873905548232817,0.2636321292837174,0.0843512234287267,0.17477629776925568,0.8431611248057969,-0.5818973795772405,0.03326976625968027,0.2546833754570541
2018-10-01,1.7434210526315788,-0.004525646047964706,0.1753613972974315,0.12286741768059542,0.27708705259030575,0.5263871786915195,0.6326781851047942,32,0.1263788638310318,0.2243439307638312,0.1753613972974315,0.12286741768059542,0.27708705259030575,0.1263788638310318,0.2243439307638312,0.7938563276595789,-0.16417173628324253,0.13690464301047664,0.43483561416434413
2019-01-01,1.5,-0.016699007621213117,0.002569613187968707,0.024783084041359663,0.1837509497899475,0.4865242371304566,0.811216388686025,39,-0.026854087161826846,0.03199331353776426,0.002569613187968707,0.024783084041359663,0.1837509497899475,-0.026854087161826846,0.03199331353776426,0.4194635831681315,-0.5450436968343659,-0.024217309213104558,0.3856870089713261
2019-04-01,1.3645833333333335,-0.029191389489411627,-0.053553556430893406,-0.03272818286105137,0.18340392847084713,0.482281147700895,0.779921991346155,36,-0.08412087784270127,-0.02298623501908555,-0.053553556430893406,-0.03272818286105137,0.18340392847084713,-0.08412087784270127,-0.02298623501908555,0.10816045334391496,-0.7889382919132959,-0.1556714390637253,0.457334038343142
2019-07-01,1.3125,-0.01629890467748176,-0.010868703322568427,0.009074172723768242,0.23457748515980012,0.5170403557238354,0.8464022666979715,29,-0.05442864875803988,0.03269124211290303,-0.010868703322568427,0.009074172723768242,0.23457748515980012,-0.05442864875803988,0.03269124211290303,-0.0012700018572068827,-0.5346660783224855,-0.13407499880037252,0.5003395134562275
2019-10-01,1.2640677670848246,-0.0008426081546323723,-0.009643539309004873,0.019520054754669183,0.250026406111639,0.5165043614828206,0.8544636107729404,32,-0.05384238111831527,0.034555302500305515,-0.009643539309004873,0.019520054754669183,0.250026406111639,-0.05384238111831527,0.034555302500305515,-0.10076635478173392,-0.030835702752011356,-0.03300274290658684,0.5015536006817266
2020-01-01,1.268267223382046,-0.02102668395490926,-0.05470762108399578,-0.0034024895570531405,0.23621036292041175,0.5286208241557672,0.7921923639269403,43,-0.09072936372710427,-0.018685878440887295,-0.05470762108399578,-0.0034024895570531405,0.23621036292041175,-0.09072936372710427,-0.018685878440887295,-0.05650920036481541,-0.6467706406140438,-0.18224591460602424,0.5182742458602695
2020-04-01,2.75,0.00531683148214417,0.26786720247738005,0.11967007628960596,0.3927003839010287,0.4954894570603719,0.7814609348185707,34,0.20051964225343358,0.33521476270132655,0.26786720247738005,0.11967007628960596,0.3927003839010287,0.20051964225343358,0.33521476270132655,0.9993822692636241,0.19221298230728207,0.35512346087077906,0.5960471232200901
2020-07-01,2.795,0.03045671377922945,0.3119240208781301,0.15034488898834514,0.4029520035493776,0.512842528158891,0.7443496311988469,28,0.2357732500433537,0.3880747917129065,0.3119240208781301,0.15034488898834514,0.4029520035493776,0.2357732500433537,0.3880747917129065,0.999548214716747,0.8057993760201883,0.8148595797830455,0.902717663860424
2020-10-01,2.65,0.003942976463553515,0.3461725907026992,0.17734556362159035,0.40253399864032796,0.4756940257546583,0.6862089743670281,33,0.2761004157769168,0.41624476562848156,0.3461725907026992,0.17734556362159035,0.40253399864032796,0.2761004157769168,0.41624476562848156,0.9990632149020359,0.14334698956647715,0.3265044648012585,0.5716063521214066
2021-01-01,2.736111111111111,-0.010529460984607103,0.2475941344349133,0.11056733334198565,0.3260609375344174,0.41683615185632705,0.8912930488736561,38,0.19470006577285132,0.30048820309697527,0.2475941344349133,0.11056733334198565,0.3260609375344174,0.19470006577285132,0.30048820309697527,0.999453153648709,-0.3674341604773797,0.0999801541512299,0.3163833847763085
2021-04-01,2.5833333333333335,-0.020734266645142302,0.23471983727946197,0.1827264485323065,0.37337213398277985,0.4560758679403024,0.895303806439525,37,0.1733378365646528,0.29610183799427114,0.23471983727946197,0.1827264485323065,0.37337213398277985,0.1733378365646528,0.29610183799427114,0.9988167607545938,-0.6405007576949965,0.03227147174755829,0.18012855396911032
2021-07-01,2.3429276315789473,-0.031229169074547425,0.22902394025538741,0.07580522579953672,0.2927167250680639,0.3988875443966326,0.7664695313898027,26,0.17161746744473233,0.2864304130660425,0.22902394025538741,0.07580522579953672,0.2927167250680639,0.17161746744473233,0.2864304130660425,0.9958641128225697,-0.8154924490326501,0.00847207218728404,0.09394016786529763
2021-10-01,2.25,-0.008326252115467208,0.24794373826633231,0.09848358945934306,0.3100948750199139,0.43474099077846484,0.7258859290177572,33,0.1939631492989906,0.301924327233674,0.24794373826633231,0.09848358945934306,0.3100948750199139,0.1939631492989906,0.301924327233674,0.993561172991985,-0.2956994176861056,0.12320828492188048,0.353102269855373
2022-01-01,2.2333333333333334,-0.023918139519563696,0.1931414598144019,0.17859376274005148,0.26758870159181514,0.44760330682018346,0.8130729856335598,37,0.14915014825835204,0.23713277137045174,0.1931414598144019,0.17859376274005148,0.26758870159181514,0.14915014825835204,0.23713277137045174,0.9933960786568204,-0.7041955225607784,0.02172293315742449,0.15022746464021608
2022-04-01,2.0,-0.03481458660685952,0.15086813971691637,0.09436231714999056,0.1983992578489862,0.3685457455496797,0.7944158404993812,30,0.11464555674485849,0.18709072268897425,0.15086813971691637,0.09436231714999056,0.1983992578489862,0.11464555674485849,0.18709072268897425,0.9779348469031302,-0.8550025864229197,0.00503601767552761,0.08193158827236086
2022-07-01,1.5066666666666668,-0.03074424392254326,0.02111628380458711,0.0010214248417575245,0.29975051416784637,0.447299050948756,1.1108708646609127,28,-0.03553123875626037,0.07776380636543458,0.02111628380458711,0.0010214248417575245,0.29975051416784637,-0.03553123875626037,0.07776380636543458,0.7294775855748797,-0.8094594134728996,-0.008188489580328922,0.20475875071946548
2022-10-01,1.4166666666666667,-0.016196103895872838,0.04428455552800833,0.04127598498343775,0.28880608186160844,0.5033598859848567,0.9848518986460195,39,-0.0019614291681718937,0.09053054022418855,0.04428455552800833,0.04127598498343775,0.28880608186160844,-0.0019614291681718937,0.09053054022418855,0.613017624816743,-0.5319732195246312,0.013653774652269374,0.3369455202504474
2023-01-01,1.4285714285714286,-0.02008847768135767,0.014368871234816654,0.037246030807001014,0.30086283619716464,0.49333078721751755,0.9483669015402248,37,-0.0350926743538148,0.06383041682344812,0.014368871234816654,0.037246030807001014,0.30086283619716464,-0.0350926743538148,0.06383041682344812,0.6523729292709407,-0.6263468920999963,0.003847873100392419,0.2956941216304878
2023-04-01,1.5,-0.011279186833590233,0.08739963725499182,0.09298082628407338,0.24697842901440398,0.4734122588474729,1.0105706683021747,41,0.0488280868904743,0.12597118761950934,0.08739963725499182,0.09298082628407338,0.24697842901440398,0.0488280868904743,0.12597118761950934,0.7650919769885683,-0.3909312982877515,0.06556245460143777,0.3504508000631582
2023-07-01,1.3699048913043477,-0.01693434885919688,0.06836234902146929,0.08553884437712407,0.21457384116874906,0.4941575360072977,0.9638763944997898,32,0.03043069448255238,0.1062940035603862,0.06836234902146929,0.08553884437712407,0.21457384116874906,0.03043069448255238,0.1062940035603862,0.5944529020965431,-0.5510710851291852,0.007292637374580126,0.33620709709173235
2023-10-01,1.4561594202898553,-0.005995473048922935,0.08639710267893115,0.06344047785656107,0.28263333809780583,0.5047454216169062,0.9499371216069141,42,0.04278583179947117,0.13000837355839112,0.08639710267893115,0.06344047785656107,0.28263333809780583,0.04278583179947117,0.13000837355839112,0.7416598754810875,-0.21601968597083154,0.11035643192714722,0.4198934333007047
2024-01-01,1.411441114358397,-0.015681505255376087,0.06550785962837631,0.07351369893007001,0.20629810055624212,0.4648119478198314,1.0075980583485837,42,0.033675371621731655,0.09734034763502097,0.06550785962837631,0.07351369893007001,0.20629810055624212,0.033675371621731655,0.09734034763502097,0.6985725100705891,-0.5183311997967155,0.028744346714887844,0.31895403635505426
2024-04-01,1.4439321922246575,-0.023100910883054313,0.090064650095772,0.07175440283199483,0.2439193594210916,0.4797755724036454,0.9753105966145987,44,0.053292423081971935,0.12683687710957206,0.090064650095772,0.07175440283199483,0.2439193594210916,0.053292423081971935,0.12683687710957206,0.7559331468356303,-0.6887945429526305,0.008045174820472022,0.23965868681130414
2024-07-01,1.4400002158050775,-0.01728394428961404,0.10866995716663526,0.07664368296995555,0.20787853995897998,0.46162068666162703,0.848341167019548,38,0.07494760499190152,0.14239230934136898,0.10866995716663526,0.07664368296995555,0.20787853995897998,0.07494760499190152,0.14239230934136898,0.7653027750358631,-0.559919496344467,0.029343728033916733,0.28574602782544833
2024-10-01,1.4285714285714286,-0.025604624991010974,0.08456551014468099,0.07643034559710907,0.2728430788019507,0.4861063524264557,0.9502761355519235,37,0.0397103842963645,0.12942063599299747,0.08456551014468099,0.07643034559710907,0.2728430788019507,0.0397103842963645,0.12942063599299747,0.7659931942286144,-0.7339849529193929,0.0035030821258596615,0.2188862606987675
2025-01-01,1.25,-0.011444619510900098,0.0837744346506043,0.07007975417173863,0.15198573010894045,0.45530041994286885,0.8983969726910013,42,0.06032252734836041,0.10722634195284819,0.0837744346506043,0.07007975417173863,0.15198573010894045,0.06032252734836041,0.10722634195284819,0.503303907549698,-0.3960496118724021,0.0214687352829541,0.4003333413805394
2025-04-01,1.330128205128205,-0.02372925723153027,0.06347710939204332,0.02411117919584158,0.23510492394499333,0.4534018391335196,0.9217146859762807,38,0.025338054514846657,0.10161616426923997,0.06347710939204332,0.02411117919584158,0.23510492394499333,0.025338054514846657,0.10161616426923997,0.6676822869000792,-0.7006928935729636,-0.004391729183978819,0.26607988320228493
2025-07-01,1.4139338665211647,-0.012706859607425762,0.1428678835408204,0.1259670627274193,0.1281706030184114,0.4454100274798291,0.8540096004863948,32,0.12021030790504847,0.1655254591765923,0.1428678835408204,0.1259670627274193,0.1281706030184114,0.12021030790504847,0.1655254591765923,0.7892597707003296,-0.4342819401501008,0.058326295120149474,0.3286193677489186
2025-10-01,1.412280701754386,-0.005110087024121949,0.20103184550687248,0.16759025212637707,0.17689748156545862,0.47631312525601377,0.8762822886213042,37,0.17195007868064296,0.23011361233310199,0.20103184550687248,0.16759025212637707,0.17689748156545862,0.17195007868064296,0.23011361233310199,0.7997616720617685,-0.1849137963590382,0.13097997205529194,0.4260565165183031
2026-01-01,1.430933852280133,0.0072982234560719185,0.23606027534591276,0.16318418907490265,0.19525592945376005,0.5189734540154988,0.7725669470671503,43,0.20628402525525044,0.2658365254365751,0.23606027534591276,0.16318418907490265,0.19525592945376005,0.20628402525525044,0.2658365254365751,0.8281252440947839,0.2609868980242367,0.3311254434118014,0.6080649193159308
