INFLATION EXPECTATIONS; YEAR-ON-YEAR CHANGE IN HICP,,,,,,,,,,,,,,,,,,
TARGET_PERIOD,FCT_SOURCE,POINT,TN1_0,FN1_0TN0_6,FN0_5TN0_1,F0_0T0_4,F0_5T0_9,F1_0T1_4,F1_5T1_9,F2_0T2_4,F2_5T2_9,F3_0T3_4,F3_5T3_9,F4_0T4_4,F4_5T4_9,F5_0,,
2022,1,8.7,0,0,0,0,0,0,0,0,0,0,0,0,0,100,,
2022,4,8.8,0,0,0,0,0,0,0,0,0,0,0,0,0,100,,
2022,5,8.3,0,0,0,0,0,0,0,0,0,0,0,0,0,100,,
2022,6,8.2,0,0,0,0,0,0,0,0,0,0,0,0,0,100,,
2022,7,8.5,,,,,,,,,,,,,,,,
2022,8,8.4,0,0,0,0,0,0,0,0,0,0,0,0,0,100,,
2022,14,8.2,0,0,0,0,0,0,0,0,0,0,0,0,0,100,,
2022,15,8.9,0,0,0,0,0,0,0,0,0,0,0,0,0,100,,
2022,16,8.1,0,0,0,0,0,0,0,0,0,0,0,0,10,90,,
2022,20,,0,0,0,0,0,0,0,0,0,0,0,0,0,100,,
2022,23,8.5,0,0,0,0,0,0,0,0,0,0,0,0,0,100,,
2022,24,8.2654697,0,0,0,0,0,0,0,0,0,0,5,10,10,75,,
2022,26,8.4,0,0,0,0,0,0,0,0,0,0,0,0,0,100,,
2022,29,8.4,0,0,0,0,0,0,0,0,0,0,1,2,3,94,,
2022,30,8.4,,,,,,,,,,,,,,,,
2022,32,8.1,0,0,0,0,0,0,0,0,0,0,0,0,0,100,,
2022,33,8.25,0,0,0,0,0,0,0,0,0,0,5,10,35,50,,
2022,36,9,0,0,0,0,0,0,0,0,0,0,0,0,0,100,,
2022,37,8.5,0,0,0,0,0,0,0,0,0,0,0,0,0,100,,
2022,38,8.13573527,0,0,0,0,0,0,0,0,0,0,0,0,0,100,,
2022,39,8.37425029,0,0,0,0,0,0,0,0,0,0,0,0,0,100,,
2022,41,8.2,0,0,0,0,0,0,0,0,0,0,0,0,0,100,,
2022,42,,0,0,0,0,0,0,0,0,0,0,0,0,0,100,,
2022,45,8.07,0,0,0,0,0,0,0,0,0,0,0,0,0,100,,
2022,47,8.2,0,0,0,0,0,0,0,0,0,0,0,0,0,100,,
2022,48,7.8,0,0,0,0,0,0,0,0,0,0,0,0,0,100,,
2022,49,8.5,,,,,,,,,,,,,,,,
2022,54,,0,0,0,0,0,0,0,0,0,0,0,5,15,80,,
2022,56,8.3,0,0,0,0,0,0,0,0,0,0,0,0,0,100,,
2022,61,7.9,0,0,0,0,0,0,0,0,0,0,0,0,0,100,,
2022,65,8.3,0,0,0,0,0,0,0,0,0,0,0,0,0,100,,
2022,68,8.3,,,,,,,,,,,,,,,,
2022,80,7.8,0,0,0,0,0,0,0,0,0,0,0,0,0,100,,
2022,85,8.09511103,0,0,0,0,0,0,0,0,0,0,0,0,0,100,,
2022,88,8,0,0,0,0,0,0,0,0,0,0,0,0,0,100,,
2022,89,8.1,0,0,0,0,0,0,0,0,0,0,0,0,0,100,,
2022,90,7.8,0,0,0,0,0,0,0,0,0,0,5,10,15,70,,
2022,91,8.4,0,0,0,0,0,0,0,0,0,0,0,0,0,100,,
2022,93,9,0,0,0,0,0,0,0,0,0,0,0,0,0,100,,
2022,95,8.2377272,0,0,0,0,0,0,0,0,0,0,0,0,0,100,,
2022,97,8.1,,,,,,,,,,,,,,,,
2022,98,8.6,0,0,0,0,0,0,0,0,0,0,0,0,0,100,,
2022,99,8.1,0,0,0,0,0,0,0,0,0,0,0,0,0,100,,
2022,101,8,0,0,0,0,0,0,0,0,0,0,0,0,0,100,,
2022,102,8.2,0,0,0,0,0,0,0,0,0,0,0,0,0,100,,
2022,105,8.1,,,,,,,,,,,,,,,,
2022,107,8.35911906,0,0,0,0,0,0,0,0,0,0,0,0,0,100,,
2022,110,8.37614642,0,0,0,0,0,0,0,0,0,0,0,0,0,100,,
2022,112,8.2,0,0,0,0,0,0,0,0,0,0,0,0,0,100,,
2022,114,8.2,,,,,,,,,,,,,,,,
2022,115,8.1,4.00E-08,1.70E-07,1.31E-06,8.35E-06,4.76E-05,0.00024259,0.00110363,0.00448377,0.01626818,0.05271297,0.15254015,0.39422509,0.90991848,98.46844767,,
2022,116,8.3,0,0,0,0,0,0,0,0,0,0,0,0,0,100,,
2022,117,8.4,,,,,,,,,,,,,,,,
2022,118,8.2,,,,,,,,,,,,,,,,
2022,119,,0,0,0,0,0,0,0,0,0,0,0,5,15,80,,
2022,121,8.43362877,0,0,0,0,0,0,0,0,0,0,0,0,0,100,,
2022,127,8,0,0,0,0,0,0,0,0,0,0,0,0,0,100,,
2022,128,8.5,0,0,0,0,0,0,0,0,0,0,0,0,0,100,,
2022,135,8.2,0,0,0,0,0,0,0,0,0,0,0,0,0,100,,
2023,1,5.9,0,0,0,0,0,0,0,0,0,1,4,10,20,65,,
2023,4,6.5,5,2.5,2.5,2.5,2.5,2.5,2.5,5,5,5,5,5,5,50,,
2023,5,4.5,0,0,0,0,0,0,1,3,6,10,15,20,20,25,,
2023,6,5.1,0,0,0,0,0,0,0,0,0,5,5,10,10,70,,
2023,7,3.7,,,,,,,,,,,,,,,,
2023,8,5.5,0,0,0,0,0,0,0,0,0,0,0,5,15,80,,
2023,14,7.9,0,0,0,0,0,0,0,0,0,0,0,0,0,100,,
2023,15,7.9,0,0,0,0,0,0,0,0,0,0,5,10,25,60,,
2023,16,4.9,0,0,0,0,0,0,0,1,5,8,11,20,30,25,,
2023,20,,0,0,0,0,0,0,0,0,0,0,0,10,15,75,,
2023,23,7,0,0,0,0,0,0,0,0,0,0,0,5,20,75,,
2023,24,6.03283618,0,0,0,0,0,0,0,0,5,10,10,15,25,35,,
2023,26,6.9,5,2,2,2,2,2,2,2,2,2,2,5,5,65,,
2023,29,6.1,0,0,0,0,0,0,0.5,1,1.5,2.5,4,6,8,76.5,,
2023,30,8.4,,,,,,,,,,,,,,,,
2023,32,7.2,2.0522412,0.76930863,0.89463639,1.11161219,1.36598528,1.65039821,1.96408868,2.30230612,2.65824296,3.02312363,3.38646643,3.73651969,4.06085433,71.02421629,,
2023,33,6,0,0,0,0,0,0,0,0,5,5,10,20,35,25,,
2023,36,8,0,0,0,0,0,0,0,0,0,0,0,10,10,80,,
2023,37,7,0,0,0,0,0,0,0,0,0,0,0,0,4,96,,
2023,38,5.01388647,0,0,0,0,0,0,0,0,0,0,0,0,10,90,,
2023,39,6.7772176,0,0,0,0,0,0,0,0,0,5,5,10,20,60,,
2023,41,6.8,0,0,0,0,0,0,0,0,0,0,0,0,0,100,,
2023,42,,0,0,0,0,0,0,0,0,0,0,0,5,30,65,,
2023,45,4.27,0,0,0,0,0,0,0,0,0,0,17.5,50,17.5,15,,
2023,47,5.7,0,0,0,0,0,0,0,0,0,0,0,5,10,85,,
2023,48,4.8,0,0,0,0,0,0,0,0,0,0,0,20,50,30,,
2023,49,7.8,,,,,,,,,,,,,,,,
2023,54,,0,0,0,0,0,0,0,16.66666667,16.66666667,16.66666667,16.66666667,16.66666667,16.66666667,0,,
2023,56,6.8,0,0,0,0,0,0,0,0,0,0,0,0,20,80,,
2023,61,4.8,0,0,0,0,0,0,0,0,2.5,10,17.5,20,30,20,,
2023,65,4.9,0,0,0,0,0,0,0,0,0,0,10,20,30,40,,
2023,68,6.2,,,,,,,,,,,,,,,,
2023,80,3.3,0,0,0,0,0,0,0.40899796,3.27198364,26.78936605,43.96728016,21.88139059,3.27198364,0.40899796,0,,
2023,85,4.48575551,0,0,0,0,0,0,6.00E-08,4.60E-05,0.00948281,0.52183911,7.87496468,33.59819447,41.50984263,16.48563022,,
2023,88,5.6,0,0,0,0,0,0,0,0,0,0,0,5,25,70,,
2023,89,5.1,0,0,0,0,0,0,0,0,0,0,5,10,15,70,,
2023,90,4.5,0,1.25,1.25,1.25,1.25,1.25,1.5,2.25,2.5,2.5,15,20,30,20,,
2023,91,5.31,0,0,0,0,0,0,0,0,0,0,0,5,10,85,,
2023,93,2.7,0,0,0,0,0,0,10,20,45,20,5,0,0,0,,
2023,95,5.55648287,0,0,3.00E-08,9.90E-07,2.31E-05,0.0003965,0.00500171,0.04633991,0.31531922,1.57581135,5.78384304,15.5914773,30.86857124,45.81321564,,
2023,97,5.3,,,,,,,,,,,,,,,,
2023,98,6,0,0,0,0,0,0,0,0,5,5,15,20,20,35,,
2023,99,5,0,0,0,0,0,0,0,0,0,0,0,10,20,70,,
2023,101,5.9,0,0,0,0,0,0,0,0,0,2,4,7,12,75,,
2023,102,5.9,0,0,0,0,0,0,0,5,5,10,10,15,15,40,,
2023,105,5.7,,,,,,,,,,,,,,,,
2023,107,5.69591553,0,1.47E-06,1.64E-05,0.00015121,0.00114678,0.00716773,0.03692457,0.15678992,0.54881121,1.58365313,3.76752128,7.38978983,11.9510709,74.55695554,,
2023,110,8.42649027,0,0,0,0,0,0,0,0,0,0,0,0,5.60E-07,99.99999943,,
2023,112,6.2,0,0,0,0,0,0,0,0,0,0,0,10,20,70,,
2023,114,4.4,,,,,,,,,,,,,,,,
2023,115,4,0.03652558,0.05776983,0.18611636,0.4702447,1.06111459,2.13847329,3.8490376,6.18743035,8.8834332,11.391099,15,18,17.5,15.23875549,,
2023,116,5,1,1,1,1,1,2.5,2.5,2.5,2.5,5,5,10,15,50,,
2023,117,5.5,,,,,,,,,,,,,,,,
2023,118,5.1,,,,,,,,,,,,,,,,
2023,119,2.2,0,0,0,0,5,5,10,60,10,5,5,0,0,0,,
2023,121,5.5164913,0,0,0,0,0.5,0.5,1,1,1,2,3,6,10,75,,
2023,127,8,1,2,2,2,2,3,3,3,4,4,4,10,10,50,,
2023,128,9,0,0,1,1,1,1,1,1,2,2,2,3,5,80,,
2023,135,5.2,0,0,0,0,0,0,0,0,0,5,10,15,20,50,,
2023Sep,1,3.5,,,,,,,,,,,,,,,,
2023Sep,4,5,5,2.5,2.5,2.5,5,5,5,5,7.5,10,10,10,10,20,,
2023Sep,5,3,0,0,0,0,0,1,3,6,20,20,20,15,10,5,,
2023Sep,6,3.5,0,0,0,0,0,0,0,10,10,30,35,10,5,0,,
2023Sep,8,3.9,0,0,0,0,0,0,0,0,5,15,31,29,15,5,,
2023Sep,14,7.4,0,0,0,0,0,0,0,0,0,0,0,1,1,98,,
2023Sep,16,3.3,0,0,0,1,2,3,6,10,20,23,19,8,5,3,,
2023Sep,20,,0,0,0,0,0,0,0,5,10,10,10,15,15,35,,
2023Sep,23,5.8,0,0,0,0,0,0,0,0,0,0,5,10,30,55,,
2023Sep,24,4.87836938,0,0,0,0,0,0,5,5,10,10,15,15,20,20,,
2023Sep,26,5,5,2,2,2,2,2,2,2,2,6,6,7,10,50,,
2023Sep,29,4.5,0,0,0,0,0,0,0.5,1,1.5,2.5,4,6,10,74.5,,
2023Sep,32,6.8,,,,,,,,,,,,,,,,
2023Sep,36,10,0,0,0,0,0,0,0,0,0,0,0,0,0,100,,
2023Sep,37,5.8,0,0,0,0,0,0,0,0,0,0,0,0,2,98,,
2023Sep,39,5.19902143,0,0,0,0,0,0,0,0,0,5,10,20,30,35,,
2023Sep,45,4.195,0,0,0,0,0,0,0,0,0,10,15,60,15,0,,
2023Sep,47,4.6,,,,,,,,,,,,,,,,
2023Sep,48,4,0,0,0,0,0,0,0,0,0,0,55,25,15,5,,
2023Sep,49,6.74,,,,,,,,,,,,,,,,
2023Sep,54,,0,0,0,0,0,0,0,0,20,20,20,20,20,0,,
2023Sep,56,5.8,0,0,0,0,0,0,0,0,0,0,0,10,40,50,,
2023Sep,61,4.1,0,0,0,0,0,0,0,5,7.5,12.5,17.5,22.5,20,15,,
2023Sep,68,3.8,,,,,,,,,,,,,,,,
2023Sep,85,3.07021252,0,0,0,0,3.60E-07,0.00042126,0.08983008,3.60473704,28.80004941,48.54664206,17.61263277,1.32613812,0.0194957,5.32E-05,,
2023Sep,88,4.9,0,0,0,0,0,0,0,0,0,0,5,15,20,60,,
2023Sep,89,3.8,0,0,0,0,0,0,2.5,5,15,20,30,10,5,12.5,,
2023Sep,90,3.4,0,0,0,0,0,5,10,15,20,30,10,10,0,0,,
2023Sep,91,4.74,0,0,0,0,0,0,0,0,0,0,10,25,30,35,,
2023Sep,93,3.8,0,0,0,0,0,0,0,0,5,15,45,25,10,0,,
2023Sep,95,4.9748292,0,0,1.00E-08,5.30E-07,1.80E-05,0.00041818,0.00656621,0.0697617,0.5015022,2.43939615,8.02870576,17.87979223,26.94220348,44.13163552,,
2023Sep,97,3.9,,,,,,,,,,,,,,,,
2023Sep,98,4.6,0,0,0,0,0,0,0,0,5,5,15,20,30,25,,
2023Sep,99,3.3,,,,,,,,,,,,,,,,
2023Sep,101,4.8,,,,,,,,,,,,,,,,
2023Sep,102,4.6,,,,,,,,,,,,,,,,
2023Sep,107,4.51258446,0,0.01169373,0.04178078,0.13163033,0.36567807,0.89580263,1.93509568,3.68616428,6.19203897,9.17240427,11.98191075,13.80270884,14.02164518,37.76144649,,
2023Sep,110,8,0,0,0,0,0,0,7.00E-08,1.39E-06,2.06E-05,0.00024015,0.00219501,0.01576505,0.08898815,99.89278954,,
2023Sep,112,5.5,0,0,0,0,0,0,0,0,0,0,0,10,20,70,,
2023Sep,114,2.6,,,,,,,,,,,,,,,,
2023Sep,115,2.2,1.53155233,1.39563631,3.08420901,5.18725623,7.79189365,10.45350429,12.52552457,13.40435892,12.81187343,10.93693058,8.33860975,5.67813578,3.45326408,3.40725107,,
2023Sep,116,3.7,1,1,1,1,1,2.5,2.5,2.5,7.5,15,30,20,10,5,,
2023Sep,117,4,,,,,,,,,,,,,,,,
2023Sep,118,4.3,,,,,,,,,,,,,,,,
2023Sep,121,4.56231795,0,0,0,0,0.5,0.5,1,1,1,2,3,6,10,75,,
2023Sep,127,6.5,2,2,2,2,2,5,5,5,5,5,5,5,15,40,,
2023Sep,128,8,0,0,1,1,1,1,1,1,2,2,4,6,10,70,,
2023Sep,135,4.2,0,0,0,0,0,0,0,0,5,10,20,30,25,10,,
2024,1,2.1,0,0,0,2,3,12,20,26,20,12,3,2,0,0,,
2024,4,2.5,5,2.5,2.5,2.5,5,10,10,10,10,10,10,7.5,5,10,,
2024,5,2.2,0,0,0,2,3,10,15,20,15,9,8,7,6,5,,
2024,6,2.8,0,0,0,0,0,5,10,15,30,20,15,5,0,0,,
2024,8,2.1,0,0,0,0,5,10,20,30,20,10,5,0,0,0,,
2024,14,6.8,0,0,0,0,0,0,0,0,1,1,2,3,6,87,,
2024,15,2.7,0,0,0,5,10,10,10,10,10,10,10,10,10,5,,
2024,16,2.7,1,2,4,2,4,5,9,13,17,16,11,8,5,3,,
2024,20,,0,0,0,0,0,5,10,20,30,15,10,5,5,0,,
2024,23,2.8,0,0,0,0,1,7,11,14,18,16,12,9,7,5,,
2024,24,1.7,0,0,0,3,10,30,30,10,10,4,3,0,0,0,,
2024,26,1.8,0,5,5,5,10,12,18,12,10,5,5,5,4,4,,
2024,29,2.2,0,0,0,0.5,3,11.5,20,30,20,8,5,1,0.5,0.5,,
2024,30,2,,,,,,,,,,,,,,,,
2024,32,3.3,0.55372188,0.75774751,1.34342847,2.33302638,3.74556945,5.52730547,7.5087383,9.39028977,10.81060525,11.45724788,11.17815209,10.03966158,8.30093977,17.05356618,,
2024,33,4,0,0,0,0,0,5,5,10,15,20,15,10,10,10,,
2024,36,4,0,0,0,0,0,0,0,0,5,15,20,30,20,10,,
2024,37,2.7,0,0,0,0,0,0,5,20,43,20,10,2,0,0,,
2024,38,1.78200122,0,0,0,0,0,0,60,40,0,0,0,0,0,0,,
2024,39,2.07184582,0,0,0,0,5,10,25,30,15,10,5,0,0,0,,
2024,41,3,0,0,0,0,0,0,0,0,60,40,0,0,0,0,,
2024,45,0.56,0,0,0,15,50,15,15,5,0,0,0,0,0,0,,
2024,49,2.4,,,,,,,,,,,,,,,,
2024,54,,0,0,10,10,10,10,10,10,10,10,10,10,0,0,,
2024,56,4,0,0,0,0,0,0,0,0,0,20,30,30,20,0,,
2024,65,2,0,0,0,0,0,10,20,40,30,0,0,0,0,0,,
2024,68,1.6,,,,,,,,,,,,,,,,
2024,80,2.6,0,0,0,0,0,1.02249489,8.99795501,29.85685072,38.44580777,16.76891616,4.49897751,0.40899796,0,0,,
2024,85,1.70061825,1.06E-06,0.00020893,0.01562537,0.4486066,5.00178539,21.91789643,38.11250246,26.40917798,7.27166899,0.78868118,0.03330126,0.00054099,3.35E-06,1.00E-08,,
2024,88,2.4,0,0,0,0,0,5,10,40,25,15,5,0,0,0,,
2024,89,2.1,0,0,0,2.5,5,10,15,35,15,10,5,2.5,0,0,,
2024,90,2.3,0,0,0,0,5,10,20,30,20,10,5,0,0,0,,
2024,91,2.53,0,0,0,0,0,5,20,30,15,15,10,5,0,0,,
2024,95,2.80962756,9.30E-07,4.80E-05,0.00147791,0.0273473,0.3038095,2.02632687,8.11407168,19.50694942,28.15535832,24.39798401,12.69310897,3.96463543,0.74346356,0.06541815,,
2024,97,1.6,,,,,,,,,,,,,,,,
2024,98,2.1,0,0,0,5,5,10,15,20,15,15,5,5,5,0,,
2024,99,1.8,0,0,0,0,0,10,70,20,0,0,0,0,0,0,,
2024,102,1.9,0,0,0,0,10,15,30,20,15,10,0,0,0,0,,
2024,105,2,,,,,,,,,,,,,,,,
2024,107,2.39075941,0,0.73789957,1.77527421,3.67868886,6.56581726,10.09391563,13.36629281,15.24565783,14.97845084,12.67572887,9.23979258,5.80137362,3.13742307,2.70368485,,
2024,110,2.00224794,0.00669464,0.06115768,0.4147061,1.94488818,6.3119249,14.18229464,22.06976993,23.79032095,17.76513747,9.1885347,3.29086237,0.81578513,0.13989835,0.01802495,,
2024,112,3.1,0,0,0,0,0,5,10,20,30,20,10,5,0,0,,
2024,114,1.5,,,,,,,,,,,,,,,,
2024,117,2,,,,,,,,,,,,,,,,
2024,118,1.8,,,,,,,,,,,,,,,,
2024,119,1.7,0,0,0,5,5,10,60,10,5,5,0,0,0,0,,
2024,121,1.83929636,1,2,3,5,10,13,22,18,14,6,3,1,1,1,,
2024,127,3.6,2.5,2.5,2.5,5,5,7.5,7.5,7.5,10,10,10,10,10,10,,
2024,128,3,0,1,1,1,2,3,5,15,20,20,15,10,4,3,,
2024,135,2.3,0,0,0,0,0,10,20,30,20,15,5,0,0,0,,
2024Sep,1,2,,,,,,,,,,,,,,,,
2024Sep,4,2.3,5,2.5,2.5,2.5,5,10,10,10,10,10,10,7.5,5,10,,
2024Sep,5,2.1,0,0,1,2,3,10,15,20,15,9,8,7,6,4,,
2024Sep,6,2.85,0,0,0,0,0,5,10,15,20,30,15,5,0,0,,
2024Sep,14,6.9,0,0,0,0,0,0,0,0,1,1,2,3,5,88,,
2024Sep,16,2.7,1,3,4,5,7,8,11,13,18,12,8,5,3,2,,
2024Sep,20,,0,0,0,0,0,5,10,20,30,15,10,5,5,0,,
2024Sep,23,2.5,0,0,0,1,2,8,12,15,18,15,11,8,6,4,,
2024Sep,24,1.2122674,0,0,5,15,20,25,15,10,5,5,0,0,0,0,,
2024Sep,26,1.8,0,2,3,5,10,12,20,20,12,6,5,3,2,0,,
2024Sep,29,2.1,0,0,0,0.5,5,11.5,20,34,20,5,2,1,0.5,0.5,,
2024Sep,32,3,,,,,,,,,,,,,,,,
2024Sep,36,7,0,0,0,0,0,0,0,0,0,0,0,10,10,80,,
2024Sep,37,2.5,0,0,0,0,0,5,10,33,35,10,5,2,0,0,,
2024Sep,39,2.06581134,0,0,0,5,15,15,25,25,10,5,0,0,0,0,,
2024Sep,45,0.215,0,5,15,60,20,0,0,0,0,0,0,0,0,0,,
2024Sep,49,1.91,,,,,,,,,,,,,,,,
2024Sep,54,,0,0,10,10,10,10,10,10,10,10,10,10,0,0,,
2024Sep,56,3.2,0,0,0,0,0,0,5,15,20,30,20,10,0,0,,
2024Sep,68,1.6,,,,,,,,,,,,,,,,
2024Sep,85,1.55239456,1.90E-07,8.61E-05,0.01194725,0.51000832,6.83415171,29.38730469,41.26429777,19.01102989,2.84380705,0.13535233,0.00200558,9.08E-06,1.00E-08,0,,
2024Sep,88,2.2,0,0,0,0,5,10,15,30,20,15,5,0,0,0,,
2024Sep,89,1.8,0,0,2,5,7,12,35,18,13,4,3,1,0,0,,
2024Sep,90,2,0,0,0,0,0,20,30,35,15,0,0,0,0,0,,
2024Sep,91,2.44,0,0,0,2,5,8,16,18,20,15,11,5,0,0,,
2024Sep,95,2.16060049,0.00014049,0.00371911,0.05911026,0.56403672,3.23126853,11.11373155,22.94922038,28.45097496,21.17617673,9.46278854,2.53870302,0.40890823,0.03954221,0.00167925,,
2024Sep,98,2.4,0,0,0,5,5,10,15,15,20,15,5,5,5,0,,
2024Sep,99,1.6,,,,,,,,,,,,,,,,
2024Sep,102,1.7,,,,,,,,,,,,,,,,
2024Sep,107,1.9990704,1,2.01310343,3.78774176,6.29568851,9.24396376,11.99024509,13.73898181,13.90716679,12.43599363,9.82379381,6.85540695,4.22610193,2.3014209,2.38039163,,
2024Sep,110,1.7,0.6133496,1.37018991,3.38688063,6.87627161,11.46726259,15.70849302,17.67609453,16.33873879,12.40591785,7.73765823,3.96412278,1.66810343,0.57651909,0.21039792,,
2024Sep,112,2.7,0,0,0,0,0,5,10,20,30,20,10,5,0,0,,
2024Sep,114,1.5,,,,,,,,,,,,,,,,
2024Sep,117,2,,,,,,,,,,,,,,,,
2024Sep,118,1.8,,,,,,,,,,,,,,,,
2024Sep,121,1.92753337,1,2,3,5,10,13,22,18,14,6,3,1,1,1,,
2024Sep,127,3,2.5,2.5,2.5,5,5,7.5,7.5,7.5,10,10,10,10,10,10,,
2024Sep,128,3,0,1,1,1,2,3,5,15,20,20,15,10,4,3,,
2024Sep,135,2.3,0,0,0,0,0,10,20,35,20,10,5,0,0,0,,
2027,4,1.9,10,2.5,2.5,2.5,5,10,15,15,7.5,7.5,5,5,2.5,10,,
2027,5,2,0,0,0,1,4,15,30,30,15,4,1,0,0,0,,
2027,6,2.3,0,0,0,0,5,10,10,30,30,10,5,0,0,0,,
2027,8,1.8,0,0,0,3,15,20,27,22,10,2,1,0,0,0,,
2027,14,5.8,1,1,1,1,1,2,2,3,4,4,5,6,7,62,,
2027,15,2.2,0,0,0,5,10,10,10,15,20,15,10,5,0,0,,
2027,16,1.8,3,3,3,5,7,18,21,16,12,7,3,2,0,0,,
2027,20,,0,0,0,0,10,15,30,25,15,5,0,0,0,0,,
2027,23,3.3,0,1,2,4,6,8,10,12,15,17,15,7,2,1,,
2027,24,2,0,0,1,2,8,14,20,26,19,6,3,1,0,0,,
2027,26,1.9,0,2,3,6,12,12,22,20,12,6,3,2,0,0,,
2027,29,2,0,0,0,0.1,5,17,26,30.2,16,3,2,0.5,0.1,0.1,,
2027,30,2,,,,,,,,,,,,,,,,
2027,33,3,0,1,2,3,10,10,10,10,10,10,10,10,9,5,,
2027,36,3,0,0,0,0,0,0,0,10,20,30,25,15,0,0,,
2027,37,2.5,0,0,0,0,0,0,2,36,54,8,0,0,0,0,,
2027,38,1.8,0,0,0,0,0,0,60,40,0,0,0,0,0,0,,
2027,39,2.0190375,0,0,0,0,10,15,20,20,20,10,5,0,0,0,,
2027,45,1.7,0,0,0,0,0,10,50,40,0,0,0,0,0,0,,
2027,48,2,,,,,,,,,,,,,,,,
2027,49,2,,,,,,,,,,,,,,,,
2027,54,,0,0,0,0,0,10,30,40,15,5,0,0,0,0,,
2027,56,1.9,0,0,0,0,10,20,20,20,20,10,0,0,0,0,,
2027,68,2,,,,,,,,,,,,,,,,
2027,80,1.9,0,0,0,0.61349693,2.04498978,15.74642127,32.51533742,31.08384458,13.29243354,4.29447853,0.40899796,0,0,0,,
2027,85,2,0.00533123,0.05237127,0.37554233,1.84176836,6.18155904,14.206163,22.36344228,24.12006861,17.82430216,9.02353603,3.12846818,0.74245771,0.12054173,0.01444807,,
2027,88,2.2,0,0,0,0,5,10,15,30,20,15,5,0,0,0,,
2027,89,2,0,0,1,2,5,7,20,25,15,10,7,5,2,1,,
2027,90,2,0,0,0,0,0,20,30,35,15,0,0,0,0,0,,
2027,91,1.33,0,0,0,10,15,35,25,10,5,0,0,0,0,0,,
2027,95,2.26675621,0.00120347,0.01606143,0.14504033,0.88623099,3.66402817,10.25001249,19.40187506,24.84944711,21.53493052,12.62769075,5.01023525,1.3450735,0.2443361,0.02383482,,
2027,98,2.1,0,0,0,0,5,15,25,25,20,10,0,0,0,0,,
2027,99,2,0,0,0,0,0,0,30,70,0,0,0,0,0,0,,
2027,101,2,,,,,,,,,,,,,,,,
2027,102,1.9,0,0,0,0,10,20,35,20,10,5,0,0,0,0,,
2027,107,2.2,,,,,,,,,,,,,,,,
2027,110,2,0.03127402,0.17483748,0.81910385,2.85024024,7.36840196,14.15480021,20.20861331,21.44407127,16.9130497,9.91417723,4.31875682,1.39781185,0.33606529,0.06879679,,
2027,112,2.5,0,0,0,0,0,5,10,20,30,20,10,5,0,0,,
2027,114,1.7,,,,,,,,,,,,,,,,
2027,116,2,2,2,2,2,5,10,15,25,15,10,5,2.5,2.5,2,,
2027,117,2,,,,,,,,,,,,,,,,
2027,118,2,,,,,,,,,,,,,,,,
2027,121,2,0,0,1,5,5,15,30,30,10,3,0.5,0.5,0,0,,
2027,127,2.1,1,2,3,4,5,5,10,15,10,10,10,9,8,8,,
2027,128,2.5,1,1,1,1,2,4,10,30,20,12,9,4,3,2,,
2027,135,2.1,0,0,0,0,10,10,20,30,20,10,0,0,0,0,,
,,,,,,,,,,,,,,,,,,
CORE INFLATION EXPECTATIONS; YEAR-ON-YEAR CHANGE IN CORE,,,,,,,,,,,,,,,,,,
TARGET_PERIOD,FCT_SOURCE,POINT,TN1_0,FN1_0TN0_6,FN0_5TN0_1,F0_0T0_4,F0_5T0_9,F1_0T1_4,F1_5T1_9,F2_0T2_4,F2_5T2_9,F3_0T3_4,F3_5T3_9,F4_0T4_4,F4_5T4_9,F5_0,,
2022,1,4,,,,,,,,,,,,,,,,
2022,4,3.7,0,0,0,0,0,0,0,0,0,20,50,30,0,0,,
2022,5,3.9,0,0,0,0,0,0,0,0,0,1,50,40,9,0,,
2022,6,3.9,0,0,0,0,0,0,0,0,0,0,45,45,10,0,,
2022,8,3.9,0,0,0,0,0,0,0,0,0,0,55,45,0,0,,
2022,14,4.6,0,0,0,0,0,0,0,0,0,0,0,8,92,0,,
2022,15,5.4,0,0,0,0,0,0,0,0,0,5,10,15,30,40,,
2022,16,4,,,,,,,,,,,,,,,,
2022,23,4,0,0,0,0,0,0,0,0,0,0,45,55,0,0,,
2022,24,3.86794695,0,0,0,0,0,2,3,5,10,10,15,15,20,20,,
2022,26,4,0,0,0,0,0,0,0,0,0,0,50,50,0,0,,
2022,29,4,0,0,0,0,0,0,0,1,2,15,29,36,15,2,,
2022,32,4,,,,,,,,,,,,,,,,
2022,36,4,0,0,0,0,0,0,0,0,0,0,20,40,30,10,,
2022,37,4,0,0,0,0,0,0,0,0,0,0,25,70,5,0,,
2022,39,4.77557386,0,0,0,0,0,0,0,0,0,0,0,20,60,20,,
2022,47,4.7,0,0,0,0,0,0,0,0,0,0,0,0,0,100,,
2022,49,3.9,,,,,,,,,,,,,,,,
2022,54,,0,0,0,0,0,0,0,0,0,0,0,20,30,50,,
2022,56,3.9,0,0,0,0,0,0,0,0,5,25,35,30,5,0,,
2022,85,3.79333,0,0,0,0,0,0,0,0,0.00039727,2.46078142,67.84925486,29.56863899,0.12092589,1.57E-06,,
2022,88,4.4,,,,,,,,,,,,,,,,
2022,89,3.8,0,0,0,0,0,0,0,0,0,15,40,40,5,0,,
2022,90,4.3,0,0,0,0,0,0,2.5,2.5,5,10,25,35,20,0,,
2022,91,4.13,0,0,0,0,0,0,0,0,5,12,21,29,25,8,,
2022,93,4.8,0,0,0,0,0,0,0,0,0,0,5,17.5,45,32.5,,
2022,95,3.38537224,0,0,0,6.00E-08,2.18E-05,0.00283619,0.13607499,2.40174446,15.59483577,37.25120554,32.73447476,10.58219938,1.25849652,0.03811058,,
2022,97,3.6,,,,,,,,,,,,,,,,
2022,98,3.8,0,0,0,0,0,0,0,0,0,20,60,20,0,0,,
2022,99,3.9,0,0,0,0,0,0,0,0,0,0,60,40,0,0,,
2022,101,3.7,0,0,0,0,0,0,0,0,0,0,80,20,0,0,,
2022,102,3.9,,,,,,,,,,,,,,,,
2022,114,3.8,,,,,,,,,,,,,,,,
2022,115,3.8,0,0,2.00E-08,2.74E-06,0.00017619,0.00608918,0.11346081,1.14356357,6.25453748,18.61575594,30.21480248,26.76986273,12.94343119,3.93831765,,
2022,116,3.9,0,0,0,0,0,0,0,0,0,0,55,45,0,0,,
2022,117,3.9,,,,,,,,,,,,,,,,
2022,118,3.8,,,,,,,,,,,,,,,,
2022,119,4.5,0,0,0,0,0,0,0,0,0,0,0,10,80,10,,
2022,121,3.84429728,0,0,0,0,0,0,0,1,5,15,37,27,10,5,,
2022,127,3.8,0,0,0,0,0,0,0,0,0,5,75,15,5,0,,
2022,128,4,0,0,0,0,0,0,0,0,0,0,50,30,20,0,,
2022,135,3.9,0,0,0,0,0,0,0,0,5,10,40,30,15,0,,
2023,1,5.2,,,,,,,,,,,,,,,,
2023,4,3,0,0,0,2.5,2.5,5,5,10,20,20,15,10,5,5,,
2023,5,3.2,0,0,0,0,0,0,1,5,21,45,22,5,1,0,,
2023,6,3.7,0,0,0,0,0,0,0,0,15,20,35,20,10,0,,
2023,8,3.5,0,0,0,0,0,0,0,0,15,25,30,20,10,0,,
2023,14,5.2,0,0,0,0,0,0,0,1,2,4,8,12,15,58,,
2023,15,4.8,0,0,0,0,0,0,0,0,5,10,15,20,35,15,,
2023,16,3.2,,,,,,,,,,,,,,,,
2023,23,4.5,0,0,0,0,0,0,0,2,5,10,20,22,25,16,,
2023,24,4.16313168,0,0,0,0,0,0,0,0,6,10,15,25,30,14,,
2023,26,4.5,0,0,0,2,2,2,2,5,5,5,10,15,17,35,,
2023,29,3.5,0,0,0,0,0,0.5,1,8,12,26,30,15,4,3.5,,
2023,32,6,,,,,,,,,,,,,,,,
2023,36,4,0,0,0,0,0,0,0,0,5,10,20,30,25,10,,
2023,37,4.9,0,0,0,0,0,0,0,0,0,0,4,16,53,27,,
2023,39,5.42503155,0,0,0,0,0,0,0,0,0,0,10,15,35,40,,
2023,47,5.1,0,0,0,0,0,0,0,0,0,0,0,5,10,85,,
2023,49,3.9,,,,,,,,,,,,,,,,
2023,54,,0,0,0,0,0,0,0,16.66666667,16.66666667,16.66666667,16.66666667,16.66666667,16.66666667,0,,
2023,56,3.8,0,0,0,0,0,0,0,0,5,25,35,30,5,0,,
2023,85,3.53146948,0,0,0,0,0,0,2.69E-06,0.00810866,1.75689687,31.29591188,55.97489531,10.77466675,0.18926421,0.00025362,,
2023,88,4.5,,,,,,,,,,,,,,,,
2023,89,3.7,0,0,0,0,0,0,2.5,5,15,20,30,10,5,12.5,,
2023,90,3.8,0,0,0,0,0,2.5,2.5,5,10,25,35,20,0,0,,
2023,91,3.65,0,0,0,0,0,0,1,3,14,22,25,21,12,2,,
2023,93,2.5,0,0,0,0,0,5,10,22.5,40,20,2.5,0,0,0,,
2023,95,1.88387523,0.00018921,0.00609301,0.1085779,1.07071038,5.84283486,17.6439666,29.48423463,27.26493753,13.952119,3.95090742,0.6191196,0.05368751,0.00257628,4.61E-05,,
2023,97,2.6,,,,,,,,,,,,,,,,
2023,98,4,0,0,0,0,0,0,0,0,5,15,35,30,10,5,,
2023,99,3.8,0,0,0,0,0,0,0,0,0,20,70,10,0,0,,
2023,101,3.7,0,0,0,0,0,0,0,0,5,15,45,20,10,5,,
2023,102,4.4,,,,,,,,,,,,,,,,
2023,114,3.7,,,,,,,,,,,,,,,,
2023,115,3,1.00E-08,4.30E-07,3.59E-05,0.00159002,0.03791716,0.48845906,3.41031508,12.94343119,25,30.21480248,20,6.25453748,1.14356357,0.50534762,,
2023,116,3.4,0.5,0.5,0.5,0.5,1,2.5,3.5,6,10,27.5,25,15,5,2.5,,
2023,117,4.5,,,,,,,,,,,,,,,,
2023,118,2.9,,,,,,,,,,,,,,,,
2023,119,1.8,0,0,0,0,0,5,10,70,10,5,0,0,0,0,,
2023,121,3.30424857,0,0,0,1,2,3,8,17,22,20,16,8,2,1,,
2023,127,4.5,0,0,0,0,0,0,0,5,5,10,15,20,25,20,,
2023,128,7,0,0,0,0,0,1,1,1,1,2,3,6,10,75,,
2023,135,3.3,0,0,0,0,0,0,0,10,25,35,20,10,0,0,,
2023Sep,1,4.7,,,,,,,,,,,,,,,,
2023Sep,4,2.4,0,0,0,2.5,2.5,5,5,10,20,20,15,10,5,5,,
2023Sep,5,3.1,0,0,0,0,0,1,3,7,16,24,20,16,10,3,,
2023Sep,6,3.1,0,0,0,0,0,0,0,15,20,35,20,10,0,0,,
2023Sep,8,2.8,0,0,0,0,0,10,20,30,25,15,0,0,0,0,,
2023Sep,14,5.8,0,0,0,0,0,0,0,1,2,3,5,8,11,70,,
2023Sep,16,2.2,,,,,,,,,,,,,,,,
2023Sep,23,4,0,0,0,0,0,0,0,0,4,15,21,22,20,18,,
2023Sep,24,3.82950236,0,0,0,0,1,2,2,5,10,10,20,20,18,12,,
2023Sep,26,4,0,0,0,2,2,2,2,5,5,5,10,10,17,40,,
2023Sep,29,2.7,0,0,0,0,1,6,12,18,24.5,22,10,5,1,0.5,,
2023Sep,37,4.4,0,0,0,0,0,0,0,0,2,4,6,37,43,8,,
2023Sep,39,4.28039387,0,0,0,0,0,0,0,0,5,25,25,30,10,5,,
2023Sep,47,4.5,,,,,,,,,,,,,,,,
2023Sep,49,3.28,,,,,,,,,,,,,,,,
2023Sep,54,,0,0,0,0,0,0,0,0,20,20,20,20,20,0,,
2023Sep,56,3.4,0,0,0,0,0,0,5,10,20,30,20,10,5,0,,
2023Sep,85,2.98262579,0,0,0,0,0,0,7.48E-05,0.48057491,35.19188204,61.14763172,3.17755761,0.00227887,1.00E-08,0,,
2023Sep,88,3.7,,,,,,,,,,,,,,,,
2023Sep,89,3.1,0,0,0,0,0,2.5,5,15,20,25,15,10,2.5,5,,
2023Sep,90,3.3,0,0,0,0,0,0,5,10,15,30,20,15,5,0,,
2023Sep,91,2.97,0,0,0,0,0,4,8,13,19,27,20,9,0,0,,
2023Sep,93,3.1,0,0,0,0,0,0,2.5,10,22.5,40,20,5,0,0,,
2023Sep,95,1.03991653,0.10676666,0.90073723,4.56227814,13.87351759,25.32868262,27.76257839,18.2695637,7.21801428,1.71209745,0.24381499,0.02084556,0.00107001,3.30E-05,4.00E-07,,
2023Sep,97,2,,,,,,,,,,,,,,,,
2023Sep,98,3.7,0,0,0,0,0,0,0,0,15,20,30,25,10,0,,
2023Sep,99,3.3,,,,,,,,,,,,,,,,
2023Sep,102,4,,,,,,,,,,,,,,,,
2023Sep,114,3.3,,,,,,,,,,,,,,,,
2023Sep,115,2.1,3.63E-05,0.00076233,0.02112466,0.30772059,2.4278258,10.40685928,21.52619606,30.95519761,24.3,8.16653089,1.68671969,0.18916158,0.01148245,0.00038272,,
2023Sep,116,2.7,0.5,0.5,1,1,1.5,2.5,7.5,17.5,25,17.5,10,7.5,5,3,,
2023Sep,117,4.2,,,,,,,,,,,,,,,,
2023Sep,118,2.5,,,,,,,,,,,,,,,,
2023Sep,121,2.88857519,0,0,0,1,2,3,7,15,25,20,16,8,2,1,,
2023Sep,127,4.5,2,2,2,2,2,5,5,5,5,5,5,5,25,30,,
2023Sep,128,7,0,0,0,0,0,1,1,1,1,2,3,6,10,75,,
2023Sep,135,2.6,0,0,0,0,0,5,10,20,30,20,10,5,0,0,,
2024,1,2.5,,,,,,,,,,,,,,,,
2024,4,2,5,2.5,2.5,2.5,5,10,20,20,12.5,5,5,2.5,2.5,5,,
2024,5,2.3,0,0,0,0,1,5,15,35,25,13,5,1,0,0,,
2024,6,2.6,0,0,0,0,0,0,10,25,35,20,10,0,0,0,,
2024,8,2.1,0,0,0,0,5,10,20,25,20,15,5,0,0,0,,
2024,14,6.7,0,0,0,0,0,0,0,1,1,2,3,4,6,83,,
2024,15,2.5,0,0,0,5,10,10,10,10,15,15,10,10,5,0,,
2024,16,1.6,,,,,,,,,,,,,,,,
2024,23,3,0,0,0,0,0,2,10,15,23,23,15,10,2,0,,
2024,24,2.2,0,0,1,2,5,10,20,26,20,8,5,3,0,0,,
2024,26,1.8,0,0,0,5,5,20,35,20,10,5,0,0,0,0,,
2024,29,2.2,0,0,0,1,2,15,17,26,24.5,10,3,1,0.5,0,,
2024,32,4.5,,,,,,,,,,,,,,,,
2024,36,2.5,0,0,0,0,0,10,30,30,20,10,0,0,0,0,,
2024,37,2.5,0,0,0,0,0,0,4,42,44,8,2,0,0,0,,
2024,39,2.20805575,0,0,0,0,0,10,30,35,20,5,0,0,0,0,,
2024,49,2.6,,,,,,,,,,,,,,,,
2024,54,,0,0,10,10,10,10,10,10,10,10,10,10,0,0,,
2024,56,2.5,0,0,0,0,5,10,15,20,20,15,10,5,0,0,,
2024,85,2.70140577,0,0,0,4.00E-08,7.78E-05,0.02590484,1.60358317,19.44753932,49.10289615,26.696308,3.05407775,0.06931741,0.00029527,2.30E-07,,
2024,88,3.2,,,,,,,,,,,,,,,,
2024,89,1.8,0,0,0,5,7,12,35,20,10,6,5,0,0,0,,
2024,90,2.3,0,0,0,5,10,15,20,30,10,5,2.5,2.5,0,0,,
2024,91,2.46,0,0,0,0,2,8,17,23,22,18,7,3,0,0,,
2024,95,1.62441805,0.01328395,0.14313916,0.9889397,4.38088028,12.44323171,22.66132094,26.46168438,19.81207571,9.51092382,2.9274916,0.57776182,0.07311092,0.00593193,0.00022407,,
2024,97,1.6,,,,,,,,,,,,,,,,
2024,98,2.9,0,0,0,0,0,5,10,15,25,25,10,5,5,0,,
2024,99,2.2,0,0,0,0,0,0,30,70,0,0,0,0,0,0,,
2024,102,2.8,,,,,,,,,,,,,,,,
2024,114,1.9,,,,,,,,,,,,,,,,
2024,117,3,,,,,,,,,,,,,,,,
2024,118,2.1,,,,,,,,,,,,,,,,
2024,119,1.8,0,0,0,0,5,10,70,10,5,0,0,0,0,0,,
2024,121,2.05863756,0.5,0.5,1,3,8,17,21,21,16,8,2,1,0.5,0.5,,
2024,127,3.8,2.5,2.5,2.5,5,5,7.5,7.5,7.5,10,10,10,10,10,10,,
2024,128,3.5,0,0,0,0,1,2,5,8,12,17,30,10,5,10,,
2024,135,2,0,0,0,0,0,10,25,35,20,10,0,0,0,0,,
2024Sep,1,2.1,,,,,,,,,,,,,,,,
2024Sep,4,1.9,2.5,2.5,2.5,5,7.5,12.5,15,15,12.5,10,5,2.5,2.5,5,,
2024Sep,5,2.1,0,0,1,2,3,10,15,20,15,9,8,7,6,4,,
2024Sep,6,2.8,0,0,0,0,0,0,10,15,40,25,10,0,0,0,,
2024Sep,14,6.2,0,0,0,0,0,0,1,1,2,3,5,6,8,74,,
2024Sep,16,1.6,,,,,,,,,,,,,,,,
2024Sep,23,3,0,0,0,0,0,2,10,16,22,22,16,10,2,0,,
2024Sep,24,2.16666667,0,0,1,2,5,10,20,26,20,8,5,3,0,0,,
2024Sep,26,1.8,0,0,0,5,5,20,35,20,10,5,0,0,0,0,,
2024Sep,29,2.1,0,0,0,1,2,20,21.5,28,15,8,3,1,0.5,0,,
2024Sep,37,2.3,0,0,0,0,0,0,10,45,41,4,0,0,0,0,,
2024Sep,39,2.27921488,0,0,0,0,0,5,25,30,20,15,5,0,0,0,,
2024Sep,49,2.3,,,,,,,,,,,,,,,,
2024Sep,54,,0,0,10,10,10,10,10,10,10,10,10,10,0,0,,
2024Sep,56,2.2,0,0,0,0,5,10,20,30,20,10,5,0,0,0,,
2024Sep,85,2.66313814,0,0,0,0,2.90E-06,0.00508045,0.93834542,19.96347213,55.78707352,22.13733038,1.16162585,0.00706482,4.54E-06,0,,
2024Sep,88,2.8,,,,,,,,,,,,,,,,
2024Sep,89,1.8,0,0,0,5,7,12,35,20,10,6,5,0,0,0,,
2024Sep,90,2,0,0,0,0,5,10,25,30,15,10,5,0,0,0,,
2024Sep,91,1.68,0,0,0,0,16,22,26,23,13,0,0,0,0,0,,
2024Sep,95,1.7467864,0.07196335,0.40446625,1.66959719,5.06173749,11.27057374,18.43108596,22.1367733,19.52703046,12.65075902,6.01943121,2.10354991,0.53989422,0.10177076,0.01136713,,
2024Sep,98,2.7,0,0,0,0,0,5,15,20,20,20,10,5,5,0,,
2024Sep,99,2.2,,,,,,,,,,,,,,,,
2024Sep,102,2.7,,,,,,,,,,,,,,,,
2024Sep,114,1.7,,,,,,,,,,,,,,,,
2024Sep,117,2.9,,,,,,,,,,,,,,,,
2024Sep,118,2.1,,,,,,,,,,,,,,,,
2024Sep,121,2.04213469,0.5,0.5,1,3,8,17,21,21,16,8,2,1,0.5,0.5,,
2024Sep,127,3,2.5,2.5,2.5,5,5,7.5,7.5,7.5,10,10,10,10,10,10,,
2024Sep,128,3.5,0,0,0,0,1,2,5,8,12,17,30,10,5,10,,
2024Sep,135,2,0,0,0,0,0,10,25,35,20,10,0,0,0,0,,
2027,4,1.9,2.5,2.5,2.5,5,7.5,12.5,15,15,12.5,10,5,2.5,2.5,5,,
2027,5,2,0,0,0,1,4,15,30,30,15,4,1,0,0,0,,
2027,6,2.3,0,0,0,0,5,10,10,30,30,10,5,0,0,0,,
2027,8,1.5,0,0,0,5,15,20,25,20,10,5,0,0,0,0,,
2027,14,5.8,0,0,0,0,0,1,1,2,3,4,5,7,9,68,,
2027,15,2,0,0,5,10,10,10,10,15,15,10,10,5,0,0,,
2027,16,1.7,,,,,,,,,,,,,,,,
2027,23,3,0,0,1,2,4,8,11,16,18,19,15,5,1,0,,
2027,24,1.9,0,0,1,3,9,15,20,26,16,6,3,1,0,0,,
2027,26,1.8,0,0,3,5,10,15,25,22,12,6,2,0,0,0,,
2027,29,2,0,0,0,1,2,24,30.5,20,12,6,3,1,0.5,0,,
2027,36,1.5,0,0,0,5,10,25,25,20,10,5,0,0,0,0,,
2027,37,2.5,0,0,0,0,0,0,2,35,58,5,0,0,0,0,,
2027,39,1.8,0,0,0,5,10,15,25,25,15,5,0,0,0,0,,
2027,49,2,,,,,,,,,,,,,,,,
2027,54,,0,0,0,0,0,10,30,40,15,5,0,0,0,0,,
2027,56,1.9,0,0,0,0,10,20,30,25,10,5,0,0,0,0,,
2027,85,1.9,0.00316712,0.03973891,0.34013202,1.89197514,6.84610878,16.12813178,24.75074625,24.75074625,16.12813178,6.84610878,1.89197514,0.34013202,0.03973891,0.00316712,,
2027,88,2,,,,,,,,,,,,,,,,
2027,89,1.8,0,0,0,0,5,15,30,20,10,7,6,4,1,2,,
2027,90,1.5,0,0,5,10,15,20,30,10,5,2.5,2.5,0,0,0,,
2027,91,1.13,0,0,0,7,24,50,15,4,0,0,0,0,0,0,,
2027,95,1.83243738,0.14771869,0.62423593,2.05441637,5.26568107,10.5110721,16.34051946,19.78386233,18.65446007,13.69874134,7.83438711,3.48944026,1.21041107,0.32699144,0.05806276,,
2027,98,1.9,0,0,0,0,5,15,25,25,20,10,0,0,0,0,,
2027,99,1.8,0,0,0,0,0,30,70,0,0,0,0,0,0,0,,
2027,102,2,,,,,,,,,,,,,,,,
2027,114,1.9,,,,,,,,,,,,,,,,
2027,116,1.8,2,2,2,2,5,10,20,20,15,10,5,2.5,2.5,2,,
2027,117,2,,,,,,,,,,,,,,,,
2027,118,2,,,,,,,,,,,,,,,,
2027,121,2,0,0,0,1,4,15,36,36,7,1,0,0,0,0,,
2027,127,2.1,1,2,3,4,5,5,10,15,10,10,10,9,8,8,,
2027,128,2.5,1,1,1,2,3,5,15,15,20,20,10,4,2,1,,
2027,135,2,0,0,0,0,10,10,25,25,20,10,0,0,0,0,,
,,,,,,,,,,,,,,,,,,
GROWTH EXPECTATIONS; YEAR-ON-YEAR CHANGE IN REAL GDP,,,,,,,,,,,,,,,,,,
TARGET_PERIOD,FCT_SOURCE,POINT,TN1_0,FN1_0TN0_6,FN0_5TN0_1,F0_0T0_4,F0_5T0_9,F1_0T1_4,F1_5T1_9,F2_0T2_4,F2_5T2_9,F3_0T3_4,F3_5T3_9,F4_0,,,,
2022,1,2.8,,,,,,,,,,,,,,,,
2022,4,3,0,0,0,0,0,0,0,10,40,40,10,0,,,,
2022,5,2.8,0,0,0,0,0,0,0,25,50,25,0,0,,,,
2022,6,3.2,0,0,0,0,0,0,0,0,25,55,20,0,,,,
2022,7,3.2,,,,,,,,,,,,,,,,
2022,8,3.1,0,0,0,0,0,0,0,0,40,60,0,0,,,,
2022,14,3.7,0,0,0,0,0,0,0,2,9,24,32,33,,,,
2022,15,3.1,0,0,0,0,0,0,0,5,30,50,15,0,,,,
2022,16,3.3,0,0,0,1,4,7,10,14,20,19,17,8,,,,
2022,20,,0,0,0,0,0,0,0,0,45,55,0,0,,,,
2022,23,3,0,0,0,0,0,0,0,5,40,55,0,0,,,,
2022,24,2.9157373,0,0,0,0,0,2,12,16,18,20,22,10,,,,
2022,26,3.1,0,0,2,4,5,5,15,22,25,15,5,2,,,,
2022,29,2.8,0,0,0,0,1,5,10,18,23,26,12,5,,,,
2022,30,3,,,,,,,,,,,,,,,,
2022,32,3,2.78E-99,3.03E-78,8.51E-58,1.86E-40,3.76E-26,6.59E-15,1.04E-06,0.164812649,39.11628728,59.88712498,0.831753235,2.08E-05,,,,
2022,33,2,0,0,1,4,8,10,20,30,20,5,2,0,,,,
2022,36,2.5,0,0,0,0,5,10,25,35,20,5,0,0,,,,
2022,37,3.1,0,0,0,0,0,0,0,0,35,63,2,0,,,,
2022,38,3.14489219,0,0,0,0,0,0,0,0,5,95,0,0,,,,
2022,39,3.09652764,0,0,0,0,0,0,0,0,40,60,0,0,,,,
2022,41,3.2,0,0,0,0,0,0,0,0,25,50,25,0,,,,
2022,42,3,0,0,0,0,0,0,0,0,30,60,10,0,,,,
2022,45,2.98,0,0,0,0,0,0,5,10,40,45,0,0,,,,
2022,47,3,0,0,0,0,0,0,0,5,40,50,5,0,,,,
2022,48,3.2,,,,,,,,,,,,,,,,
2022,49,3.2,,,,,,,,,,,,,,,,
2022,54,2.9,0,0,0,0,0,0,0,0,60,40,0,0,,,,
2022,56,3.3,0,0,0,0,0,0,0,20,25,35,20,0,,,,
2022,61,2.8,0,0,0,0,0,0,2.5,45,52.5,0,0,0,,,,
2022,65,2.8,0,0,0,0,0,0,0,25,50,25,0,0,,,,
2022,68,3.1,,,,,,,,,,,,,,,,
2022,80,2.6,0,0,0,0,0,0,0,20.57026477,79.42973523,0,0,0,,,,
2022,85,3.06318613,4.84E-05,0.000769195,0.009088608,0.076561283,0.460038755,1.972692608,6.03929748,13.20460342,20.62464967,23.01627963,18.35216265,16.24380827,,,,
2022,88,3,0,0,0,0,0,0,0,0,20,80,0,0,,,,
2022,89,3.1,0,0,0,0,0,0,3,5,22,60,10,0,,,,
2022,90,2.8,0,0,0,0,2.5,5,15,25,30,15,5,2.5,,,,
2022,91,2.88,0,0,0,0,0,0,7,15,32,27,19,0,,,,
2022,93,3.1,0,0,0,0,0,0,0,0,25,65,10,0,,,,
2022,95,2.89897484,2.15E-20,5.28E-11,5.23E-08,1.90E-05,0.002552684,0.125850557,2.282541564,15.22957434,37.38198458,33.75533798,11.21316172,0.008977466,,,,
2022,97,3,,,,,,,,,,,,,,,,
2022,98,3.1,0,0,0,0,0,0,0,0,15,85,0,0,,,,
2022,99,3,0,0,0,0,0,0,0,5,35,60,0,0,,,,
2022,101,3.3,0,0,0,0,0,0,0,0,0,80,20,0,,,,
2022,102,3.2,,,,,,,,,,,,,,,,
2022,105,3,,,,,,,,,,,,,,,,
2022,107,2.80711706,0,0,2.74E-23,8.16E-16,9.69E-10,4.70E-05,0.097644786,9.747386999,59.87275686,29.27329836,1.007050349,0.001815664,,,,
2022,110,3.05276611,3.02E-15,9.37E-12,1.07E-08,4.56E-06,0.000720628,0.042855035,0.968346921,8.416957554,28.48661758,37.86929354,19.81940046,4.395803724,,,,
2022,112,2.9,0,0,0,0,0,0,10,25,30,25,10,0,,,,
2022,114,3.2,,,,,,,,,,,,,,,,
2022,115,2.9,0.1,0.1,0.1,0.1,0.1,0.3,0.3,8,45,42.9,3,0,,,,
2022,116,2.8,0,0,0,0,0,0,0,0,50,50,0,0,,,,
2022,117,3.1,,,,,,,,,,,,,,,,
2022,118,3.3,,,,,,,,,,,,,,,,
2022,119,2.8,0,0,0,0,0,0,5,10,70,10,5,0,,,,
2022,121,3.18472351,0,0,0,1,3,5,8,12,30,36,5,0,,,,
2022,127,2.9,0,0,0,0,0,0,0,20,60,20,0,0,,,,
2022,128,3,0,0,0,0,0,0,0,2,28,68,2,0,,,,
2022,135,3.1,0,0,0,0,0,0,0,30,40,20,10,0,,,,
2023,1,-0.8,,,,,,,,,,,,,,,,
2023,4,0,20,7.5,15,15,12.5,10,7.5,5,5,2.5,0,0,,,,
2023,5,-0.2,10,15,20,30,15,5,4,1,0,0,0,0,,,,
2023,6,0.5,0,5,10,25,45,10,5,0,0,0,0,0,,,,
2023,7,1.3,,,,,,,,,,,,,,,,
2023,8,0.2,10,15,25,30,15,5,0,0,0,0,0,0,,,,
2023,14,1,9,7,9,12,12,13,12,10,7,4,3,2,,,,
2023,15,0.3,0,5,20,40,20,10,5,0,0,0,0,0,,,,
2023,16,0.5,5,6,7,9,14,16,14,9,8,4,3,5,,,,
2023,20,,0,10,15,30,30,15,0,0,0,0,0,0,,,,
2023,23,-0.7,20,28,22,15,10,5,0,0,0,0,0,0,,,,
2023,24,-1.2,100,0,0,0,0,0,0,0,0,0,0,0,,,,
2023,26,-0.4,18,25,15,15,10,10,5,2,0,0,0,0,,,,
2023,29,0.1,5,22,26.5,20,8,6,5,3,2,1,1,0.5,,,,
2023,30,0.3,,,,,,,,,,,,,,,,
2023,32,-0.1,13.39973613,15.5844708,23.46927384,22.58471818,15.12795078,7.004332703,2.245813795,0.498427849,0.076525953,0.008123015,0.000595707,3.12E-05,,,,
2023,33,0.17,8,10,24,33,12,10,3,0,0,0,0,0,,,,
2023,36,0,5,10,20,30,20,15,0,0,0,0,0,0,,,,
2023,37,-0.6,10,46,32,8,4,0,0,0,0,0,0,0,,,,
2023,38,-0.10743411,0,30,70,0,0,0,0,0,0,0,0,0,,,,
2023,39,0.45496516,10,15,20,25,20,10,0,0,0,0,0,0,,,,
2023,41,0.5,0,0,0,30,60,10,0,0,0,0,0,0,,,,
2023,42,,0,0,20,40,30,10,0,0,0,0,0,0,,,,
2023,45,0,0,5,20,60,15,0,0,0,0,0,0,0,,,,
2023,47,0.8,0,0,5,15,45,30,5,0,0,0,0,0,,,,
2023,48,0.6,,,,,,,,,,,,,,,,
2023,49,-0.4,,,,,,,,,,,,,,,,
2023,54,0.2,0,0,25,50,25,0,0,0,0,0,0,0,,,,
2023,56,0.6,5,10,15,20,20,15,10,5,0,0,0,0,,,,
2023,61,0.3,5,15,22.5,32.5,20,5,0,0,0,0,0,0,,,,
2023,65,0.5,5,15,25,30,20,5,0,0,0,0,0,0,,,,
2023,68,0.1,,,,,,,,,,,,,,,,
2023,80,1.6,0,0,0,2.647657841,7.128309572,29.53156823,34.82688391,21.5885947,3.869653768,0.407331976,0,0,,,,
2023,85,-0.12502969,14.59364314,15.78708707,20.69864078,20.40528713,15.1252783,8.429410692,3.531614851,1.112137535,0.263184198,0.046791604,0.006248282,0.000676406,,,,
2023,88,0.2,10,15,20,35,15,5,0,0,0,0,0,0,,,,
2023,89,0.2,5,10,20,35,15,10,5,0,0,0,0,0,,,,
2023,90,0.5,2.5,2.5,15,20,35,20,5,0,0,0,0,0,,,,
2023,91,0.61,1,4,9,20,44,12,7,2,1,0,0,0,,,,
2023,93,0.2,0,5,30,35,25,5,0,0,0,0,0,0,,,,
2023,95,-2.01396211,74.52339587,19.42763085,5.103817423,0.849373386,0.089542744,0.005979851,0.000252976,6.78E-06,1.15E-07,1.24E-09,8.43E-12,4.38E-18,,,,
2023,97,0.3,,,,,,,,,,,,,,,,
2023,98,-0.9,30,35,20,5,5,5,0,0,0,0,0,0,,,,
2023,99,0.5,0,0,15,25,60,0,0,0,0,0,0,0,,,,
2023,101,0,5,10,30,45,10,0,0,0,0,0,0,0,,,,
2023,102,1.1,,,,,,,,,,,,,,,,
2023,105,1,,,,,,,,,,,,,,,,
2023,107,-0.0267001,0,26.84055617,22.06247119,22.41301662,16.2339873,8.382633533,3.085103543,0.809009581,0.151097409,0.020089858,0.001900602,0.000134197,,,,
2023,110,0.25395211,23.32649666,8.976465607,10.14876056,10.6784521,10.45662019,9.529323414,8.082028471,6.379197341,4.685961636,3.203450604,2.038090351,2.495153056,,,,
2023,112,-0.6,25,30,25,15,5,0,0,0,0,0,0,0,,,,
2023,114,0.7,,,,,,,,,,,,,,,,
2023,115,0.8,5.5,7,12,22,27,11,5,4,3,2,1,0.5,,,,
2023,116,-0.2,10,20,40,20,5,2.5,2.5,0,0,0,0,0,,,,
2023,117,-1.5,,,,,,,,,,,,,,,,
2023,118,-0.1,,,,,,,,,,,,,,,,
2023,119,0,5,10,70,10,5,0,0,0,0,0,0,0,,,,
2023,121,0.41685714,3,5,10,30,25,10,7,4,3,2,1,0,,,,
2023,127,-0.8,20,20,15,10,10,10,5,5,5,0,0,0,,,,
2023,128,0.5,2,4,4,40,35,8,4,2,1,0,0,0,,,,
2023,135,-0.2,10,25,30,20,15,0,0,0,0,0,0,0,,,,
2023Q2,1,-1.5,,,,,,,,,,,,,,,,
2023Q2,4,-0.4,20,10,15,15,12.5,10,7.5,5,5,0,0,0,,,,
2023Q2,5,-2,50,25,15,10,0,0,0,0,0,0,0,0,,,,
2023Q2,6,0,5,10,25,45,10,5,0,0,0,0,0,0,,,,
2023Q2,8,-0.3,15,25,30,20,10,0,0,0,0,0,0,0,,,,
2023Q2,14,1.7,28,4,4,4,4,4,4,4,4,4,4,32,,,,
2023Q2,16,-0.1,5,7,9,15,18,15,10,8,6,4,2,1,,,,
2023Q2,20,,0,10,20,30,25,15,0,0,0,0,0,0,,,,
2023Q2,23,-1.2,35,30,20,10,5,0,0,0,0,0,0,0,,,,
2023Q2,24,-2.88932374,100,0,0,0,0,0,0,0,0,0,0,0,,,,
2023Q2,26,-1,25,35,10,10,10,5,5,0,0,0,0,0,,,,
2023Q2,29,-1,65,12,8,6,5,2,1,1,0,0,0,0,,,,
2023Q2,36,-1,10,35,30,15,10,0,0,0,0,0,0,0,,,,
2023Q2,37,-1.1,50,43,5,2,0,0,0,0,0,0,0,0,,,,
2023Q2,38,-0.43895404,0,30,70,0,0,0,0,0,0,0,0,0,,,,
2023Q2,39,-0.20717336,10,20,25,25,15,5,0,0,0,0,0,0,,,,
2023Q2,45,-0.71,15,60,15,10,0,0,0,0,0,0,0,0,,,,
2023Q2,47,0,,,,,,,,,,,,,,,,
2023Q2,48,0.1,,,,,,,,,,,,,,,,
2023Q2,49,-0.8,,,,,,,,,,,,,,,,
2023Q2,56,0.6,5,10,15,20,20,15,10,5,0,0,0,0,,,,
2023Q2,61,-0.5,15,22.5,27.5,20,12.5,2.5,0,0,0,0,0,0,,,,
2023Q2,68,-0.4,,,,,,,,,,,,,,,,
2023Q2,85,-0.59193063,29.14120828,20.51077327,20.60537765,15.56466502,8.839642096,3.774122144,1.211188541,0.29209922,0.052925325,0.007202606,0.000736,5.98E-05,,,,
2023Q2,88,1.7,0,0,0,10,15,25,30,15,5,0,0,0,,,,
2023Q2,89,-0.3,7,25,35,15,10,5,3,0,0,0,0,0,,,,
2023Q2,90,0.6,0,0,10,25,35,20,10,0,0,0,0,0,,,,
2023Q2,91,-0.5,15,27,33,25,0,0,0,0,0,0,0,0,,,,
2023Q2,93,,0,0,0,2.5,5,27.5,35,27.5,2.5,0,0,0,,,,
2023Q2,95,-2.75553277,89.46323732,8.471716702,1.775098012,0.2609751,0.026921647,0.001948633,9.90E-05,3.53E-06,8.82E-08,1.55E-09,1.90E-11,6.80E-17,,,,
2023Q2,97,-0.2,,,,,,,,,,,,,,,,
2023Q2,98,-1.4,50,30,10,5,5,0,0,0,0,0,0,0,,,,
2023Q2,99,-0.2,,,,,,,,,,,,,,,,
2023Q2,101,-0.2,,,,,,,,,,,,,,,,
2023Q2,102,0.8,,,,,,,,,,,,,,,,
2023Q2,107,-0.7885306,0,59.47892087,17.63837803,12.23619194,6.626611584,2.801301069,0.924280897,0.237993839,0.047816404,0.007494825,0.000916299,9.42E-05,,,,
2023Q2,110,0.49695733,30.8218145,5.717657115,6.034002863,6.213449752,6.24309502,6.120782895,5.855363762,5.465635411,4.97814228,4.424190465,3.836543999,14.28932194,,,,
2023Q2,112,-1.5,70,20,10,0,0,0,0,0,0,0,0,0,,,,
2023Q2,114,0.8,,,,,,,,,,,,,,,,
2023Q2,115,0.4,30.33926534,5.236926002,6.938689762,7.179249942,7.1891965,6.967569555,6.535547046,5.933107856,5.212933619,4.432837212,3.648219726,10.38645744,,,,
2023Q2,116,-0.7,20,32.5,27.5,15,5,0,0,0,0,0,0,0,,,,
2023Q2,117,-2,,,,,,,,,,,,,,,,
2023Q2,118,-0.7,,,,,,,,,,,,,,,,
2023Q2,121,-0.07285101,5,13,30,25,10,7,4,3,2,1,0,0,,,,
2023Q2,127,-1.7,25,20,15,10,10,10,5,5,0,0,0,0,,,,
2023Q2,128,0.5,1,1,2,45,43,5,2,1,0,0,0,0,,,,
2023Q2,135,-0.6,20,25,25,20,10,0,0,0,0,0,0,0,,,,
2024,1,1.5,,,,,,,,,,,,,,,,
2024,4,1,20,5,10,10,10,10,10,7.5,7.5,5,2.5,2.5,,,,
2024,5,1.7,0,0,0,5,10,20,30,20,10,5,0,0,,,,
2024,6,1.5,0,0,0,5,15,30,30,15,5,0,0,0,,,,
2024,8,1.3,0,5,10,15,18,22,18,7,5,0,0,0,,,,
2024,14,0.8,12,8,11,12,14,13,10,8,6,3,2,1,,,,
2024,15,2.1,0,0,0,0,5,5,30,35,20,5,0,0,,,,
2024,16,1.8,2,3,4,5,10,15,21,16,11,7,4,2,,,,
2024,20,,0,0,0,5,15,30,30,15,5,0,0,0,,,,
2024,23,1.3,1,2,3,9,15,18,16,14,12,7,2,1,,,,
2024,24,1.24876733,0,2,5,10,20,25,20,10,5,2,1,0,,,,
2024,26,1.5,10,6,6,7,10,12,13,12,10,8,4,2,,,,
2024,29,1.8,0,0,0,0.1,5,23.4,33,25,8,3,2,0.5,,,,
2024,30,2.1,,,,,,,,,,,,,,,,
2024,32,1.6,0.466118802,1.111641937,3.369386064,7.539464974,13.26571257,18.24646145,19.64674873,16.56040086,10.92721631,5.643957669,2.281695295,0.941195341,,,,
2024,33,0.8,0,5,10,20,20,20,20,4,1,0,0,0,,,,
2024,36,2.5,0,0,0,0,0,5,15,25,30,20,5,0,,,,
2024,37,1.1,0,0,2,10,25,41,20,2,0,0,0,0,,,,
2024,38,0.77662265,0,0,0,10,80,10,0,0,0,0,0,0,,,,
2024,39,2.12025505,0,0,5,10,10,15,25,25,10,0,0,0,,,,
2024,41,2,0,0,0,0,0,10,40,50,0,0,0,0,,,,
2024,45,2.32,0,0,0,0,0,5,15,60,15,5,0,0,,,,
2024,49,1.6,,,,,,,,,,,,,,,,
2024,54,2.4,0,0,0,0,0,0,25,40,35,0,0,0,,,,
2024,56,1.4,0,0,5,10,15,20,20,15,10,5,0,0,,,,
2024,65,1.9,0,0,0,0,20,30,30,20,0,0,0,0,,,,
2024,68,1.8,,,,,,,,,,,,,,,,
2024,80,2.1,0,0,0.203665988,1.221995927,3.66598778,11.6089613,29.12423625,28.10590631,20.57026477,4.887983707,0.610997963,0,,,,
2024,85,1.95969667,0.110780632,0.413037164,1.447559598,3.970201566,8.522551927,14.32018678,18.83554349,19.39426734,15.63277187,9.864019627,4.871938148,2.617141853,,,,
2024,88,1.8,0,0,0,5,10,20,30,20,10,5,0,0,,,,
2024,89,1.6,0,0,0,5,10,20,35,15,10,3,2,0,,,,
2024,90,1.9,0,0,0,0,5,20,25,25,20,5,0,0,,,,
2024,91,1.66,0,0,0,0,13,23,33,22,9,0,0,0,,,,
2024,93,1.6,,,,,,,,,,,,,,,,
2024,95,1.68557574,1.27E-07,0.006240391,0.139213549,1.550807347,8.626622715,23.96240306,33.2373617,23.02127259,7.96230338,1.375164729,0.118597993,1.24E-05,,,,
2024,97,1.4,,,,,,,,,,,,,,,,
2024,98,1.4,0,0,5,10,15,30,20,10,5,5,0,0,,,,
2024,99,2.2,0,0,0,0,0,0,40,60,0,0,0,0,,,,
2024,102,1.8,,,,,,,,,,,,,,,,
2024,105,2,,,,,,,,,,,,,,,,
2024,107,1.12910913,0,3.119087643,6.413667458,13.01827414,19.57049041,21.7918168,17.97379781,10.98046768,4.968048277,1.664392893,0.412787934,0.087168959,,,,
2024,110,1.98458251,9.91407316,4.139131841,5.178191131,6.203398578,7.116462126,7.817744741,8.223974311,8.284473908,7.991550653,7.382102999,6.529982879,21.21891367,,,,
2024,112,1.2,0,0,0,5,10,20,30,20,10,5,0,0,,,,
2024,114,2.4,,,,,,,,,,,,,,,,
2024,117,0.8,,,,,,,,,,,,,,,,
2024,118,1.9,,,,,,,,,,,,,,,,
2024,119,1.5,0,0,0,5,10,70,10,5,0,0,0,0,,,,
2024,121,1.79678384,0.5,2,3,7,10,20,30,15,8,3,1,0.5,,,,
2024,127,0.8,15,10,10,15,20,15,10,5,0,0,0,0,,,,
2024,128,2,1,2,3,4,6,10,18,20,17,12,5,2,,,,
2024,135,1.7,0,0,0,0,15,20,25,20,15,5,0,0,,,,
2024Q2,1,1.3,,,,,,,,,,,,,,,,
2024Q2,4,0.9,20,5,10,10,10,10,10,7.5,7.5,5,2.5,2.5,,,,
2024Q2,5,1.8,0,0,0,5,10,20,30,20,10,5,0,0,,,,
2024Q2,6,1.5,0,0,0,5,10,35,35,10,5,0,0,0,,,,
2024Q2,14,0.8,36,4,4,4,4,4,4,4,4,4,3,25,,,,
2024Q2,16,1.4,4,5,8,10,14,18,15,10,7,5,3,1,,,,
2024Q2,20,,0,0,0,5,15,30,30,15,5,0,0,0,,,,
2024Q2,23,1,5,8,10,12,18,19,10,8,6,3,1,0,,,,
2024Q2,24,1.24146805,0,1,3,12,25,22,18,12,3,2,2,0,,,,
2024Q2,26,1.7,10,6,6,7,11,12,13,11,10,8,4,2,,,,
2024Q2,29,1.8,0,0,0,0.1,5,23.4,33,25,8,3,2,0.5,,,,
2024Q2,36,2.5,0,0,0,0,5,10,15,25,25,15,5,0,,,,
2024Q2,37,1.1,0,0,0,4,36,40,20,0,0,0,0,0,,,,
2024Q2,38,0.6656,0,0,0,10,80,10,0,0,0,0,0,0,,,,
2024Q2,39,2.292292,0,0,5,5,10,15,20,20,20,5,0,0,,,,
2024Q2,45,2.34,0,0,0,0,0,5,10,60,15,10,0,0,,,,
2024Q2,49,1.7,,,,,,,,,,,,,,,,
2024Q2,56,1.5,0,0,5,10,15,20,20,15,10,5,0,0,,,,
2024Q2,85,1.69436599,0.163346176,0.623150611,2.159392566,5.706267345,11.50067391,17.68058077,20.73500574,18.55061569,12.66049083,6.591010308,2.617065206,1.012400849,,,,
2024Q2,88,1.7,0,0,0,5,10,20,30,20,10,5,0,0,,,,
2024Q2,89,1.4,0,0,5,7,15,30,25,10,5,3,0,0,,,,
2024Q2,90,1.4,0,2.5,5,15,25,30,15,5,2.5,0,0,0,,,,
2024Q2,91,1.22,0,0,2,12,19,31,22,11,3,0,0,0,,,,
2024Q2,95,1.72395133,1.39E-05,0.042853139,0.436215942,2.665886208,9.781441568,21.54692523,28.49632971,22.62630996,10.78598272,3.086930776,0.530414324,0.000696512,,,,
2024Q2,98,1.3,0,0,5,5,25,25,20,10,5,5,0,0,,,,
2024Q2,99,2.2,,,,,,,,,,,,,,,,
2024Q2,102,1.9,,,,,,,,,,,,,,,,
2024Q2,107,1.13000651,0,5.478282964,7.574158163,12.80706487,17.3339907,18.77992402,16.28691336,11.30648096,6.282676284,2.794257874,0.994627813,0.361622987,,,,
2024Q2,110,0.48114999,29.32993451,6.171517058,6.577948482,6.807368247,6.840034107,6.673098514,6.321018325,5.813488283,5.191307861,4.500979019,3.789024379,11.98428122,,,,
2024Q2,112,1,0,0,5,10,20,30,20,10,5,0,0,0,,,,
2024Q2,114,2.5,,,,,,,,,,,,,,,,
2024Q2,117,0.9,,,,,,,,,,,,,,,,
2024Q2,118,1.95,,,,,,,,,,,,,,,,
2024Q2,121,1.87492331,0.5,2,3,7,10,20,30,15,8,3,1,0.5,,,,
2024Q2,127,1,10,5,10,10,15,20,15,10,5,0,0,0,,,,
2024Q2,128,2,1,1,2,4,8,12,20,25,12,8,5,2,,,,
2024Q2,135,1.4,0,0,0,10,20,30,15,15,10,0,0,0,,,,
2027,4,1.3,5,5,5,10,15,15,15,10,5,5,5,5,,,,
2027,5,1.5,0,0,0,5,10,35,35,10,5,0,0,0,,,,
2027,6,1.3,0,0,0,0,15,50,30,5,0,0,0,0,,,,
2027,8,1.3,0,0,5,10,22,30,20,10,3,0,0,0,,,,
2027,14,0.8,11,8,11,13,14,13,11,8,5,4,1,1,,,,
2027,15,1.5,0,0,0,5,15,25,30,20,5,0,0,0,,,,
2027,16,1.6,3,4,5,7,12,16,17,14,9,7,4,2,,,,
2027,20,,0,0,5,10,15,20,25,15,10,0,0,0,,,,
2027,23,0.8,0,1,5,15,20,18,17,13,7,3,1,0,,,,
2027,24,1,0,2,10,15,25,20,15,10,2,1,0,0,,,,
2027,26,1.8,1,2,2,5,5,18,23,17,12,8,5,2,,,,
2027,29,1.6,0,0,0,0.1,8,39,31.5,12,6,2,1,0.4,,,,
2027,33,1.16,0,0,5,15,20,25,20,10,4,1,0,0,,,,
2027,36,2,0,0,0,5,10,15,20,20,15,10,5,0,,,,
2027,37,1.6,0,0,0,0,1,25,55,18,1,0,0,0,,,,
2027,38,1.2,,,,,,,,,,,,,,,,
2027,39,1.52814189,0,0,0,10,20,25,25,15,5,0,0,0,,,,
2027,45,1.4,0,0,0,0,10,40,50,0,0,0,0,0,,,,
2027,56,1.4,0,0,5,10,15,20,20,15,10,5,0,0,,,,
2027,65,1.6,,,,,,,,,,,,,,,,
2027,68,1.6,,,,,,,,,,,,,,,,
2027,80,1.3,0,0.814663951,3.66598778,10.59063136,21.38492872,25.66191446,23.42158859,10.99796334,3.054989817,0.407331976,0,0,,,,
2027,85,1.25,1.260742257,2.64352724,6.022870187,10.98355597,16.03343836,18.73571566,17.52590087,13.12363245,7.866460319,3.774289613,1.449413017,0.580454057,,,,
2027,88,1.1,0,0,5,10,20,30,20,10,5,0,0,0,,,,
2027,90,1.8,0,0,0,5,20,25,30,15,5,0,0,0,,,,
2027,91,1.6,0,0,0,0,0,35,50,15,0,0,0,0,,,,
2027,95,1.46368979,0.00161627,0.455817744,2.19796716,7.171415556,15.83223752,23.65012401,23.90442304,16.34845919,7.565351436,2.368836602,0.501874143,0.001877334,,,,
2027,98,1.5,0,0,0,5,20,25,25,15,5,5,0,0,,,,
2027,99,1.5,0,0,0,0,0,30,70,0,0,0,0,0,,,,
2027,101,0.9,,,,,,,,,,,,,,,,
2027,102,1.5,,,,,,,,,,,,,,,,
2027,107,1.3,,,,,,,,,,,,,,,,
2027,110,1.8,12.37388799,4.551918338,5.505568017,6.400292503,7.1513423,7.680073724,7.92744627,7.864866004,7.49962329,6.873495621,6.054885594,20.11660035,,,,
2027,112,2,0,0,0,0,5,10,20,30,20,10,5,0,,,,
2027,114,1.2,,,,,,,,,,,,,,,,
2027,116,1,5,5,5,7.5,22.5,25,12.5,7.5,5,2.5,2,0.5,,,,
2027,117,1.3,,,,,,,,,,,,,,,,
2027,118,0.9,,,,,,,,,,,,,,,,
2027,121,1.25,2,3,5,8,20,25,20,8,5,3,1,0,,,,
2027,127,1.4,0,0,0,5,15,25,25,15,10,5,0,0,,,,
2027,128,1.5,1,2,4,8,15,20,20,12,8,5,3,2,,,,
2027,135,2,0,0,0,0,10,20,30,20,10,10,0,0,,,,
,,,,,,,,,,,,,,,,,,
EXPECTED UNEMPLOYMENT RATE; PERCENTAGE OF LABOUR FORCE,,,,,,,,,,,,,,,,,,
TARGET_PERIOD,FCT_SOURCE,POINT,T4_0,F4_0T4_4,F4_5T4_9,F5_0T5_4,F5_5T5_9,F6_0T6_4,F6_5T6_9,F7_0T7_4,F7_5T7_9,F8_0T8_4,F8_5T8_9,F9_0T9_4,F9_5T9_9,F10_0T10_4,F10_5T10_9,F11_0
2022,1,6.7,,,,,,,,,,,,,,,,
2022,4,6.7,0,0,0,0,0,5,80,15,0,0,0,0,0,0,0,0
2022,5,6.7,0,0,0,0,0,0,90,10,0,0,0,0,0,0,0,0
2022,6,6.8,0,0,0,0,0,10,75,15,0,0,0,0,0,0,0,0
2022,8,6.7,0,0,0,0,0,10,80,10,0,0,0,0,0,0,0,0
2022,14,6.7,0,0,0,0,0,0,100,0,0,0,0,0,0,0,0,0
2022,15,6.7,0,0,0,0,0,20,60,20,0,0,0,0,0,0,0,0
2022,16,6.8,0,0,1,6,10,15,24,18,7,7,5,3,2,1,1,0
2022,20,,0,0,0,0,0,0,95,5,0,0,0,0,0,0,0,0
2022,23,6.7,0,0,0,0,0,10,80,10,0,0,0,0,0,0,0,0
2022,24,6.70944981,0,0,2,3,14,20,25,22,9,3,2,0,0,0,0,0
2022,26,6.7,0,0,0,0,0,0,90,10,0,0,0,0,0,0,0,0
2022,29,6.8,0,0,0.5,0.5,5,14,53,22.8,2,1,1,0.1,0.1,0,0,0
2022,30,6.7,,,,,,,,,,,,,,,,
2022,32,6.7,0,0,0,0,0,0.00940816,94.49882101,5.49177083,0,0,0,0,0,0,0,0
2022,33,6.2,0,1,5,20,20,20,14,8,6,5,1,0,0,0,0,0
2022,36,7,0,0,0,0,0,10,30,35,20,5,0,0,0,0,0,0
2022,37,6.7,0,0,0,0,0,3,93,4,0,0,0,0,0,0,0,0
2022,38,6.729182,0,0,0,0,0,20,80,0,0,0,0,0,0,0,0,0
2022,39,6.7093635,0,0,0,0,0,20,60,20,0,0,0,0,0,0,0,0
2022,41,6.9,0,0,0,0,0,10,40,40,10,0,0,0,0,0,0,0
2022,42,,0,0,0,0,5,30,60,5,0,0,0,0,0,0,0,0
2022,45,6.88,0,0,0,0,10,15,60,15,0,0,0,0,0,0,0,0
2022,47,6.7,0,0,0,0,0,5,85,5,5,0,0,0,0,0,0,0
2022,48,6.8,,,,,,,,,,,,,,,,
2022,49,6.7,,,,,,,,,,,,,,,,
2022,54,6.7,0,0,0,0,0,20,60,20,0,0,0,0,0,0,0,0
2022,56,6.4,0,0,0,0,0,50,50,0,0,0,0,0,0,0,0,0
2022,65,6.8,0,0,0,0,0,10,60,30,0,0,0,0,0,0,0,0
2022,80,6.8,0,0,0,0,0,0,98.56557377,1.43442623,0,0,0,0,0,0,0,0
2022,85,6.81557633,0.08108524,0.36973187,1.46762115,4.3780331,9.81682339,16.54848833,20.97426764,19.98837675,14.32274247,7.71619528,3.12503541,0.95127406,0.21760071,0.03739451,0.00482642,0.00050367
2022,88,6.9,,,,,,,,,,,,,,,,
2022,90,6.9,0,0,0,2.5,10,20,30,20,10,5,2.5,0,0,0,0,0
2022,91,7,,,,,,,,,,,,,,,,
2022,95,6.73238958,4.10E-07,0.00010731,0.01030647,0.36414468,4.73307522,22.63176184,39.81061072,25.76231189,6.13304774,0.53712254,0.01730517,0.00020511,8.90E-07,0,0,0
2022,97,6.9,,,,,,,,,,,,,,,,
2022,98,6.9,0,0,0,0,0,10,40,30,20,0,0,0,0,0,0,0
2022,99,6.7,,,,,,,,,,,,,,,,
2022,101,6.8,0,0,0,0,0,0,100,0,0,0,0,0,0,0,0,0
2022,102,6.8,,,,,,,,,,,,,,,,
2022,105,6.7,,,,,,,,,,,,,,,,
2022,107,6.75420966,0,0,0,0,0.0027339,6.34523576,77.35366585,16.27428034,0.02408406,1.00E-07,0,0,0,0,0,0
2022,110,6.7,0,0,0,0,2.00E-07,0.01467915,8.71112058,73.00684857,18.19068015,0.07666855,2.80E-06,0,0,0,0,0
2022,114,6.9,,,,,,,,,,,,,,,,
2022,115,6.7,2.55399034,2.27365376,4.84316858,7.70858215,10.78322404,13.25728597,14.32498399,13.60403723,11.35468813,8.32942254,5.370125,3.04284792,1.51529785,0.66318133,0.25508025,0.12043092
2022,116,6.7,0,0,0,0,0,10,80,10,0,0,0,0,0,0,0,0
2022,117,6.8,,,,,,,,,,,,,,,,
2022,118,6.8,,,,,,,,,,,,,,,,
2022,119,6.7,0,0,0,0,0,10,80,10,0,0,0,0,0,0,0,0
2022,121,6.73333333,0,0,0.5,1,3,25,40,25,4,1,0.5,0,0,0,0,0
2022,127,6.8,0,0,0,0,0,10,50,35,5,0,0,0,0,0,0,0
2022,128,6.7,0,0,0,0,0,10,80,10,0,0,0,0,0,0,0,0
2022,135,6.8,0,0,0,0,10,25,30,25,10,0,0,0,0,0,0,0
2023,1,7.4,,,,,,,,,,,,,,,,
2023,4,6.9,0,0,0,0,0,15,40,20,10,5,5,2.5,2.5,0,0,0
2023,5,7,0,0,0,0,0,0,35,50,10,5,0,0,0,0,0,0
2023,6,7.4,0,0,0,0,0,5,5,30,45,10,5,0,0,0,0,0
2023,8,6.9,0,0,0,0,0,15,35,30,15,5,0,0,0,0,0,0
2023,14,6.3,0,0,1,5,22,37,26,8,1,0,0,0,0,0,0,0
2023,15,7.1,0,0,0,0,0,10,30,40,15,5,0,0,0,0,0,0
2023,16,6.6,0,0,0,2,7,21,24,19,10,6,5,3,2,1,0,0
2023,20,,0,0,0,0,0,10,35,40,15,0,0,0,0,0,0,0
2023,23,6.9,0,0,0,5,10,17,26,22,15,5,0,0,0,0,0,0
2023,24,7.1473089,0,0,1,3,5,12,20,24,16,10,4,3,2,0,0,0
2023,26,7.2,0,0,0,4,5,15,15,20,17,7,5,5,2,2,2,1
2023,29,7.4,0,0,0.3,0.5,4,10,25,30,25,4,1,0.1,0.1,0,0,0
2023,30,7.3,,,,,,,,,,,,,,,,
2023,32,7.3,0,0,0,0,0.04447591,1.7749741,17.62085261,44.95273778,30.12429954,5.25030027,0.2299197,0.00243404,6.04E-06,0,0,0
2023,33,6.8,0,0,1,5,15,20,20,15,8,6,5,3,2,0,0,0
2023,36,7.5,0,0,0,0,0,0,15,20,30,20,10,5,0,0,0,0
2023,37,7,0,0,0,0,0,1,44,46,9,0,0,0,0,0,0,0
2023,38,6.953076,0,0,0,0,0,0,20,80,0,0,0,0,0,0,0,0
2023,39,6.81864359,0,0,0,0,0,20,55,25,0,0,0,0,0,0,0,0
2023,41,6.4,0,0,0,0,0,50,50,0,0,0,0,0,0,0,0,0
2023,42,,0,0,0,0,10,60,30,0,0,0,0,0,0,0,0,0
2023,45,7.3,0,0,0,0,0,5,10,70,15,0,0,0,0,0,0,0
2023,47,6.6,0,0,0,0,5,10,75,10,0,0,0,0,0,0,0,0
2023,48,7.1,,,,,,,,,,,,,,,,
2023,49,7.2,,,,,,,,,,,,,,,,
2023,54,6.9,0,0,0,0,0,10,50,40,0,0,0,0,0,0,0,0
2023,56,6.8,0,0,0,0,10,20,40,20,10,0,0,0,0,0,0,0
2023,65,6.9,0,0,0,0,0,10,50,30,10,0,0,0,0,0,0,0
2023,80,6.9,0,0,0,0,0.81967213,16.39344262,51.8442623,25.20491803,5.73770492,0,0,0,0,0,0,0
2023,85,7.40693725,0.01610417,0.08600152,0.40460233,1.4708931,4.13274089,8.97555937,15.06952028,19.56072819,19.63067577,15.23176938,9.13721494,4.23733707,1.51893783,0.42081693,0.09009052,0.01700771
2023,88,7.5,,,,,,,,,,,,,,,,
2023,90,6.8,0,0,0,2.5,15,20,30,15,10,5,2.5,0,0,0,0,0
2023,91,7.4,,,,,,,,,,,,,,,,
2023,95,7.762113,0,7.40E-07,7.34E-05,0.00364885,0.09052981,1.12159027,6.93878529,21.43577919,33.0675265,25.47245218,9.7982025,1.88203925,0.18051677,0.00864596,0.00020678,2.47E-06
2023,97,7.6,,,,,,,,,,,,,,,,
2023,98,7.2,0,0,0,0,0,5,15,30,25,15,5,5,0,0,0,0
2023,99,6.95,,,,,,,,,,,,,,,,
2023,101,7.4,0,0,0,0,0,0,25,50,25,0,0,0,0,0,0,0
2023,102,6.9,,,,,,,,,,,,,,,,
2023,105,7,,,,,,,,,,,,,,,,
2023,107,7.05167401,0.02565535,1.0214731,2.0332382,4.62053357,8.63695176,13.28037795,16.79785762,17.47823076,14.96036788,10.53377247,6.10116347,2.90678851,1.13911157,0.36715254,0.09732524,0
2023,110,7.3,0,2.10E-07,1.20E-05,0.00095518,0.03498258,0.5988772,4.82174865,18.36516358,33.24258723,28.66128611,11.76366789,2.29087861,0.21057564,0.0090808,0.00018262,1.71E-06
2023,114,7.3,,,,,,,,,,,,,,,,
2023,115,6.9,1.80715868,1.73638196,3.87874302,6.50077622,9.57562834,12.39653391,14.10477787,14.10477787,12.39653391,9.57562834,6.50077622,3.87874302,2.03395152,0.93736553,0.37965596,0.19256764
2023,116,7,1,1,1,1,5,12.5,22.5,23.5,12.5,7.5,5,2.5,2,1,1,1
2023,117,8.5,,,,,,,,,,,,,,,,
2023,118,7,,,,,,,,,,,,,,,,
2023,119,7.7,0,0,0,0,0,10,80,10,0,0,0,0,0,0,0,0
2023,121,7,0,0,0,1,3,13,30,30,15,5,2,1,0,0,0,0
2023,127,6.6,0,0,0,0,5,15,45,20,10,5,0,0,0,0,0,0
2023,128,7,0,0,0,0,0,7,40,35,12,4,2,0,0,0,0,0
2023,135,6.9,0,0,0,0,10,20,20,20,20,10,0,0,0,0,0,0
2023Aug,1,7.6,,,,,,,,,,,,,,,,
2023Aug,4,7,0,0,0,0,0,15,30,30,10,5,5,2.5,2.5,0,0,0
2023Aug,5,6.9,0,0,0,0,0,20,40,30,10,0,0,0,0,0,0,0
2023Aug,6,7.5,0,0,0,0,0,0,10,35,40,10,5,0,0,0,0,0
2023Aug,14,6.2,0,0,3,12,25,30,20,8,2,0,0,0,0,0,0,0
2023Aug,16,6.6,0,0,0,2,7,21,24,19,10,6,5,3,2,1,0,0
2023Aug,20,,0,0,0,0,0,10,25,45,20,0,0,0,0,0,0,0
2023Aug,23,6.9,0,0,0,5,10,17,26,22,15,5,0,0,0,0,0,0
2023Aug,24,7.25706086,0,0,1,3,5,12,20,24,16,10,4,3,2,0,0,0
2023Aug,26,7.2,0,0,0,4,5,15,15,20,17,7,5,5,2,2,2,1
2023Aug,29,7.5,0,0,0.3,0.5,4,10,32,40,10,2,1,0.1,0.1,0,0,0
2023Aug,36,7,0,0,0,0,0,10,30,35,20,5,0,0,0,0,0,0
2023Aug,37,7,0,0,0,0,0,1,42,47,10,0,0,0,0,0,0,0
2023Aug,39,6.86238623,0,0,0,0,0,20,50,30,0,0,0,0,0,0,0,0
2023Aug,45,7.34,0,0,0,0,0,5,10,70,15,0,0,0,0,0,0,0
2023Aug,47,6.5,,,,,,,,,,,,,,,,
2023Aug,48,7.1,,,,,,,,,,,,,,,,
2023Aug,49,7.2,,,,,,,,,,,,,,,,
2023Aug,56,6.8,0,0,0,0,10,20,40,20,10,0,0,0,0,0,0,0
2023Aug,85,7.509417,0.01069676,0.06065023,0.30082501,1.15294747,3.41503532,7.81871757,13.83826696,18.93520762,20.03184526,16.38468283,10.36115633,5.0652639,1.91414452,0.55907137,0.12618519,0.02530367
2023Aug,88,7.9,,,,,,,,,,,,,,,,
2023Aug,90,6.7,0,0,0,2.5,15,20,30,15,10,5,2.5,0,0,0,0,0
2023Aug,91,7.3,,,,,,,,,,,,,,,,
2023Aug,95,7.750243,1.10E-07,1.02E-05,0.00050712,0.01394177,0.21210274,1.78564657,8.31889712,21.44652922,30.59632746,24.15475288,10.55253774,2.55112798,0.34129395,0.02526655,0.0010351,2.35E-05
2023Aug,97,7.5,,,,,,,,,,,,,,,,
2023Aug,98,7.2,0,0,0,0,0,5,30,30,15,10,5,5,0,0,0,0
2023Aug,99,7,,,,,,,,,,,,,,,,
2023Aug,107,7.10352464,0.75652119,1.03694656,2.55796709,5.04905462,8.51040117,12.24961354,15.05679215,15.8045914,14.16692369,10.84445393,7.08884937,3.95706831,1.88622158,0.76775519,0.2668402,0
2023Aug,110,7.1,0,0.01460098,0.06567899,0.42726053,1.84184635,5.69380359,12.62655824,20.09132509,22.94236754,18.80151334,11.05717181,4.6657142,1.41221044,0.3065041,0.04768131,0.00576349
2023Aug,114,7.3,,,,,,,,,,,,,,,,
2023Aug,116,7.2,1,1,1,1,5,10,20,30,12.5,6,5,2.5,2,1,1,1
2023Aug,118,7.1,,,,,,,,,,,,,,,,
2023Aug,121,7.1,0,0,0,1,3,13,30,30,15,5,2,1,0,0,0,0
2023Aug,127,6.6,0,0,0,0,5,25,35,20,10,5,0,0,0,0,0,0
2023Aug,128,7,0,0,0,0,0,7,40,35,12,4,2,0,0,0,0,0
2023Aug,135,6.9,0,0,0,0,10,20,20,20,20,10,0,0,0,0,0,0
2024,1,7.2,,,,,,,,,,,,,,,,
2024,4,6.8,0,0,0,2.5,5,15,25,20,10,5,5,2.5,2.5,2.5,2.5,2.5
2024,5,6.7,0,0,0,0,5,15,50,15,10,5,0,0,0,0,0,0
2024,6,6.9,0,0,0,0,5,15,40,20,15,5,0,0,0,0,0,0
2024,8,6.9,0,0,0,0,10,20,30,25,10,5,0,0,0,0,0,0
2024,14,6.1,2,4,8,14,18,20,16,10,5,2,1,0,0,0,0,0
2024,15,7,0,0,0,0,0,15,30,35,15,5,0,0,0,0,0,0
2024,16,6.6,0,1,2,5,9,19,20,18,9,6,5,3,2,1,0,0
2024,20,,0,0,0,0,0,10,20,30,20,15,5,0,0,0,0,0
2024,23,6.7,0,0,0,9,12,18,20,18,14,8,1,0,0,0,0,0
2024,24,7.21748163,0,0,1,3,5,12,20,24,16,10,4,3,2,0,0,0
2024,26,7,0,0,0,4,5,15,20,20,12,7,5,5,2,2,2,1
2024,29,7.1,0,0,0.3,0.5,4,10,35,38,10,1,1,0.1,0.1,0,0,0
2024,30,7,,,,,,,,,,,,,,,,
2024,32,7.7,0,0,0,0,0.02324546,0.59737059,6.05751411,24.16858275,38.29249155,24.17748466,6.06199368,0.59803682,0.02294028,0.00033819,1.90E-06,0
2024,33,6.6,0,0,4,10,15,15,15,15,15,6,5,0,0,0,0,0
2024,36,7,0,0,0,0,5,15,30,35,10,5,0,0,0,0,0,0
2024,37,6.7,0,0,0,0,5,36,40,16,3,0,0,0,0,0,0,0
2024,38,6.988871,0,0,0,0,0,0,40,60,0,0,0,0,0,0,0,0
2024,39,6.67386968,0,0,0,0,0,25,35,30,10,0,0,0,0,0,0,0
2024,41,6.1,0,0,0,0,30,50,20,0,0,0,0,0,0,0,0,0
2024,45,7.24,0,0,0,0,0,5,10,70,15,0,0,0,0,0,0,0
2024,49,7.2,,,,,,,,,,,,,,,,
2024,54,6.6,0,0,0,0,0,20,60,20,0,0,0,0,0,0,0,0
2024,56,6.8,0,0,0,0,10,20,40,20,10,0,0,0,0,0,0,0
2024,65,6.5,0,0,0,0,0,20,40,20,15,5,0,0,0,0,0,0
2024,80,6.5,0,0,0.40983607,2.66393443,14.95901639,33.81147541,32.58196721,11.68032787,3.68852459,0.20491803,0,0,0,0,0,0
2024,85,7.351838,0.05054692,0.19618158,0.73022365,2.17516082,5.18568681,9.89543596,15.11483902,18.48117504,18.08928927,14.17354207,8.8897608,4.46310711,1.79346241,0.57679197,0.14844828,0.0363483
2024,88,7.2,,,,,,,,,,,,,,,,
2024,90,6.8,0,0,0,2.5,15,25,30,15,5,5,2.5,0,0,0,0,0
2024,91,7.5,,,,,,,,,,,,,,,,
2024,95,7.49576477,1.17E-05,0.0004377,0.00979329,0.13155393,1.06096266,5.13709452,14.93331403,26.06249697,27.30844859,17.17905292,6.48817551,1.47118451,0.20027783,0.01636891,0.00080321,2.37E-05
2024,97,7.6,,,,,,,,,,,,,,,,
2024,98,8.5,0,0,0,0,0,5,5,10,10,25,25,15,5,0,0,0
2024,99,7.05,,,,,,,,,,,,,,,,
2024,102,6.8,,,,,,,,,,,,,,,,
2024,105,7,,,,,,,,,,,,,,,,
2024,107,6.98687611,0.70913653,5.82121934,4.55265078,6.70369706,8.97659061,10.93091142,12.10458406,12.18967787,11.16306548,9.29658238,7.04062477,4.84893349,3.03687725,1.72962826,0.89582069,0
2024,110,7,0,0.2936281,0.55453066,1.8423012,4.39800926,8.53394204,13.46055176,17.25880709,17.98878234,15.24183434,10.49812183,5.87776807,2.67498105,0.98948939,0.29747656,0.08977631
2024,114,7.2,,,,,,,,,,,,,,,,
2024,117,8.5,,,,,,,,,,,,,,,,
2024,118,6.7,,,,,,,,,,,,,,,,
2024,119,7.2,0,0,0,0,0,10,80,10,0,0,0,0,0,0,0,0
2024,121,6.475,0,0,1,3,13,30,30,15,5,2,1,0,0,0,0,0
2024,127,6.6,0,0,0,1,5,22,25,17,15,10,5,0,0,0,0,0
2024,128,7,0,0,0,1,4,10,30,30,14,8,2,1,0,0,0,0
2024,135,6.9,0,0,0,0,10,20,20,20,20,10,0,0,0,0,0,0
2024Aug,1,7.2,,,,,,,,,,,,,,,,
2024Aug,4,6.7,0,0,0,2.5,5,15,25,20,10,5,5,2.5,2.5,2.5,2.5,2.5
2024Aug,5,6.6,0,0,0,0,5,15,50,15,10,5,0,0,0,0,0,0
2024Aug,6,6.9,0,0,0,0,5,10,40,35,10,0,0,0,0,0,0,0
2024Aug,14,6,1,3,6,11,16,18,17,13,8,4,2,1,0,0,0,0
2024Aug,16,6.6,0,2,5,9,17,21,20,9,6,5,3,2,1,0,0,0
2024Aug,20,,0,0,0,0,0,10,20,25,25,15,5,0,0,0,0,0
2024Aug,23,6.7,0,0,0,7,11,17,23,20,14,7,1,0,0,0,0,0
2024Aug,24,7.19325545,0,0,1,3,5,12,20,24,16,10,4,3,2,0,0,0
2024Aug,26,6.8,0,0,0,4,5,15,20,20,12,7,5,5,2,2,2,1
2024Aug,29,7,0,0,0.3,0.5,4,10,35,38,10,1,1,0.1,0.1,0,0,0
2024Aug,36,6.5,0,0,0,0,10,20,30,25,10,5,0,0,0,0,0,0
2024Aug,37,6.7,0,0,0,0,1,30,43,25,1,0,0,0,0,0,0,0
2024Aug,39,6.63620182,0,0,0,0,0,35,35,20,10,0,0,0,0,0,0,0
2024Aug,45,7.21,0,0,0,0,0,0,15,70,15,0,0,0,0,0,0,0
2024Aug,49,7.1,,,,,,,,,,,,,,,,
2024Aug,56,6.8,0,0,0,0,10,20,40,20,10,0,0,0,0,0,0,0
2024Aug,85,7.307566,0.03277253,0.14935421,0.62083622,2.0194037,5.1406144,10.24239717,15.97423828,19.50272215,18.63966113,13.94588095,8.16775818,3.74437559,1.34348818,0.37723614,0.082881,0.01638018
2024Aug,88,7.4,,,,,,,,,,,,,,,,
2024Aug,90,6.8,0,0,0,2.5,15,25,30,15,5,5,2.5,0,0,0,0,0
2024Aug,91,7.5,,,,,,,,,,,,,,,,
2024Aug,95,7.46365484,9.05E-05,0.00205561,0.02994544,0.27970536,1.67514027,6.43252967,15.83771952,25.00251675,25.30783747,16.42504533,6.8349973,1.82368719,0.31199137,0.03422276,0.00240695,0.00010854
2024Aug,98,8.3,0,0,0,0,0,5,5,10,20,25,20,10,5,0,0,0
2024Aug,99,7.1,,,,,,,,,,,,,,,,
2024Aug,107,6.96232285,5.22649976,2.94523164,4.88806503,6.8614961,8.8532968,10.50016549,11.44702303,11.47081968,10.56578666,8.94570409,6.96197019,4.9802848,3.27476285,1.97928473,1.09960915,0
2024Aug,110,7,0,0.6275177,0.8978402,2.50307647,5.12527146,8.84793347,12.87831407,15.80430139,16.35289078,14.26649699,10.49400323,6.50819222,3.40303263,1.50019149,0.55755487,0.23338303
2024Aug,114,7.2,,,,,,,,,,,,,,,,
2024Aug,118,6.7,,,,,,,,,,,,,,,,
2024Aug,121,6.5,0,0,1,3,13,30,30,15,5,2,1,0,0,0,0,0
2024Aug,127,6.6,0,0,0,1,5,22,25,17,15,10,5,0,0,0,0,0
2024Aug,128,7,0,0,0,1,4,10,30,30,14,8,2,1,0,0,0,0
2024Aug,135,6.9,0,0,0,0,10,20,20,20,20,10,0,0,0,0,0,0
2027,4,6.5,0,0,2.5,2.5,10,17.5,20,15,10,5,5,2.5,2.5,2.5,2.5,2.5
2027,5,6.2,0,0,0,1,7,40,30,18,3,1,0,0,0,0,0,0
2027,6,6.5,0,0,0,0,10,35,40,10,5,0,0,0,0,0,0,0
2027,8,7.2,0,0,0,3,7,12,20,25,15,10,5,3,0,0,0,0
2027,14,5.6,13,9,11,13,14,12,10,7,5,3,2,1,0,0,0,0
2027,15,6.8,0,0,0,5,10,25,30,20,10,0,0,0,0,0,0,0
2027,16,6.3,0,1,4,8,17,20,17,9,8,6,4,3,2,1,0,0
2027,20,,0,0,0,5,10,15,20,25,15,5,5,0,0,0,0,0
2027,23,6,0,0,1,9,21,23,19,12,8,4,2,1,0,0,0,0
2027,24,6.5,1,3,5,12,14,14,16,14,10,6,3,2,0,0,0,0
2027,26,6.5,0,0,0,5,17,25,22,15,7,3,2,2,2,0,0,0
2027,29,6.8,0,0,0.5,1,5,30,37.5,21.8,2,1,1,0.1,0.1,0,0,0
2027,33,6.4,0,5,10,12,12,12,12,12,12,8,5,0,0,0,0,0
2027,36,6,0,0,0,10,15,25,20,15,10,5,0,0,0,0,0,0
2027,37,6.2,0,0,0,9,27,38,20,5,1,0,0,0,0,0,0,0
2027,38,5.9,0,0,0,0,20,80,0,0,0,0,0,0,0,0,0,0
2027,39,6.48335718,0,0,0,5,15,25,25,15,10,5,0,0,0,0,0,0
2027,45,6.87,0,0,0,0,5,15,50,15,10,5,0,0,0,0,0,0
2027,49,6.4,,,,,,,,,,,,,,,,
2027,56,6.2,0,0,0,10,20,40,20,10,0,0,0,0,0,0,0,0
2027,80,6.5,0,0.20491803,1.2295082,5.32786885,18.85245902,25.20491803,24.3852459,17.41803279,5.53278689,1.2295082,0.6147541,0,0,0,0,0
2027,85,7.14,0.10153192,0.35180976,1.1915279,3.22966023,7.00655223,12.16683894,16.91218069,18.81843974,16.76232451,11.95216706,6.82192257,3.11667632,1.1396464,0.33350561,0.07809892,0.0171172
2027,88,7.2,,,,,,,,,,,,,,,,
2027,90,6.5,0,0,0,0,10,25,35,20,10,0,0,0,0,0,0,0
2027,91,5.5,,,,,,,,,,,,,,,,
2027,95,6.85605958,0.01040394,0.10074007,0.66002501,2.92598591,8.77683211,17.81382035,24.46414623,22.73300134,14.29345469,6.08094897,1.75048836,0.34095794,0.04493618,0.00400724,0.0002418,9.87E-06
2027,98,8,0,0,0,0,0,5,5,15,20,20,20,10,5,0,0,0
2027,99,7,,,,,,,,,,,,,,,,
2027,102,6.3,,,,,,,,,,,,,,,,
2027,107,6.5,,,,,,,,,,,,,,,,
2027,110,8,0,0.37294837,0.42892003,1.10390567,2.19458035,3.90511111,6.21985886,8.86737755,11.31564153,12.92509367,13.21476444,12.09362433,9.90659467,7.26377163,4.76725388,5.42055392
2027,114,6.9,,,,,,,,,,,,,,,,
2027,116,7.2,0.5,0.5,0.5,2.5,5,10,15,25,15,10,5,4,3,2,1,1
2027,118,6.5,,,,,,,,,,,,,,,,
2027,121,6,0,1,3,13,30,30,15,5,2,1,0,0,0,0,0,0
2027,127,6.7,0,0,0,2,10,15,20,15,12,10,8,5,2,1,0,0
2027,128,6.5,0,1,2,5,15,30,24,10,5,3,2,2,1,0,0,0
2027,135,6.9,0,0,0,0,10,20,20,20,20,10,0,0,0,0,0,0
,,,,,,,,,,,,,,,,,,
ASSUMPTIONS,,,,,,,,,,,,,,,,,,
TARGET_PERIOD,FCT_SOURCE,IR,OIL,USD,LAB,,,,,,,,,,,,,
2022Q4,5,2.5,,,,,,,,,,,,,,,,
2022Q4,6,1.6,90,0.99,,,,,,,,,,,,,,
2022Q4,8,2.25,100,0.97,,,,,,,,,,,,,,
2022Q4,14,2.17,92,0.98,,,,,,,,,,,,,,
2022Q4,16,2.33,87,0.98,,,,,,,,,,,,,,
2022Q4,20,2,85,0.98,,,,,,,,,,,,,,
2022Q4,23,2.25,90,0.97,,,,,,,,,,,,,,
2022Q4,24,2.75,95,0.95,,,,,,,,,,,,,,
2022Q4,26,2.5,90,1,,,,,,,,,,,,,,
2022Q4,29,2.75,87,0.98,,,,,,,,,,,,,,
2022Q4,30,1.83,94.8,1,,,,,,,,,,,,,,
2022Q4,32,1.75,97,1,,,,,,,,,,,,,,
2022Q4,33,1.75,100,1.01,,,,,,,,,,,,,,
2022Q4,36,2,,,,,,,,,,,,,,,,
2022Q4,37,1.88,90,0.96,,,,,,,,,,,,,,
2022Q4,38,2.08,91,0.986,,,,,,,,,,,,,,
2022Q4,39,1.637097,96.33333333,0.9438,,,,,,,,,,,,,,
2022Q4,41,1.75,,,,,,,,,,,,,,,,
2022Q4,45,1.71,100.05,1.01,,,,,,,,,,,,,,
2022Q4,47,1.83,,,,,,,,,,,,,,,,
2022Q4,48,1.2,100,1,,,,,,,,,,,,,,
2022Q4,49,2.25,105,0.97,,,,,,,,,,,,,,
2022Q4,56,2.5,,,,,,,,,,,,,,,,
2022Q4,61,2.75,90,1,,,,,,,,,,,,,,
2022Q4,80,0.92,99.9,1.02,,,,,,,,,,,,,,
2022Q4,85,2.17,94,1.019,,,,,,,,,,,,,,
2022Q4,88,2.5,100,0.96,,,,,,,,,,,,,,
2022Q4,89,2.25,95.3,0.99,,,,,,,,,,,,,,
2022Q4,90,2.75,109.9,0.97,,,,,,,,,,,,,,
2022Q4,91,2.14,89.9,1.02,,,,,,,,,,,,,,
2022Q4,93,2,95,1,,,,,,,,,,,,,,
2022Q4,95,1.75,87.96,0.9748,,,,,,,,,,,,,,
2022Q4,97,2.5,,0.95,,,,,,,,,,,,,,
2022Q4,98,1.92,120,0.99,,,,,,,,,,,,,,
2022Q4,99,2.17,88.2,1,,,,,,,,,,,,,,
2022Q4,101,1.7,93,1,,,,,,,,,,,,,,
2022Q4,102,1.42,110,0.97,,,,,,,,,,,,,,
2022Q4,107,1.9,90,0.97,,,,,,,,,,,,,,
2022Q4,110,1.75,96.9,1,,,,,,,,,,,,,,
2022Q4,112,2.25,89.23507125,1,,,,,,,,,,,,,,
2022Q4,114,1.83,90.6,0.96,,,,,,,,,,,,,,
2022Q4,115,2.5,100.13,1.05,,,,,,,,,,,,,,
2022Q4,116,2.25,91,1,,,,,,,,,,,,,,
2022Q4,117,2,94,,,,,,,,,,,,,,,
2022Q4,119,2,95,0.95,,,,,,,,,,,,,,
2022Q4,121,1.92,91,1.01,,,,,,,,,,,,,,
2022Q4,127,2,90,0.97,,,,,,,,,,,,,,
2022Q4,128,1.75,90,0.95,,,,,,,,,,,,,,
2022Q4,135,2,95,0.93,,,,,,,,,,,,,,
2023,5,2.5,,,,,,,,,,,,,,,,
2023,6,2.4,100,0.99,,,,,,,,,,,,,,
2023,8,2.73,98,1.02,3.5,,,,,,,,,,,,,
2023,14,3.75,87,1.04,8,,,,,,,,,,,,,
2023,16,2.9,79,1.02,4.8,,,,,,,,,,,,,
2023,20,3,99,1.04,,,,,,,,,,,,,,
2023,23,3.4,90,1.03,3,,,,,,,,,,,,,
2023,24,3.5,90,1.075,,,,,,,,,,,,,,
2023,26,3,90,1,,,,,,,,,,,,,,
2023,29,3,82,0.98,,,,,,,,,,,,,,
2023,30,3.08,88.1,1,,,,,,,,,,,,,,
2023,33,2.4,110,,5,,,,,,,,,,,,,
2023,36,2.875,,,,,,,,,,,,,,,,
2023,37,3.11,90,1.04,,,,,,,,,,,,,,
2023,39,2.666763,93,1.0202,4.246,,,,,,,,,,,,,
2023,41,3,,,,,,,,,,,,,,,,
2023,45,2.14,96.09,1.05,,,,,,,,,,,,,,
2023,47,2.46,,,,,,,,,,,,,,,,
2023,48,2.4,100,1.05,,,,,,,,,,,,,,
2023,49,2.75,107.5,1.05,,,,,,,,,,,,,,
2023,56,2.75,,,,,,,,,,,,,,,,
2023,80,1.3,96.1,1.03,,,,,,,,,,,,,,
2023,85,2.73,90.3,0.9816,,,,,,,,,,,,,,
2023,88,3.1,90,1,5,,,,,,,,,,,,,
2023,89,3.79,99.1,1.03,,,,,,,,,,,,,,
2023,90,3,85.7,1.08,2,,,,,,,,,,,,,
2023,91,2.96,81.6,0.95,,,,,,,,,,,,,,
2023,93,2.25,93,1.03,,,,,,,,,,,,,,
2023,95,1.75,78.18,1.00374,5.78579032,,,,,,,,,,,,,
2023,97,3,,1.1,,,,,,,,,,,,,,
2023,98,2.75,125,1.14,3.75,,,,,,,,,,,,,
2023,99,2.73,77.6,1.018,4.3,,,,,,,,,,,,,
2023,101,2,88,1.03,4,,,,,,,,,,,,,
2023,102,2.19,93.8,1.04,4.6,,,,,,,,,,,,,
2023,107,3,87,0.97,3.8,,,,,,,,,,,,,
2023,110,2,90.4,1,,,,,,,,,,,,,,
2023,112,2,64.89090341,1.03,,,,,,,,,,,,,,
2023,114,2.23,79.6,0.98,3.1,,,,,,,,,,,,,
2023,115,2.75,95,1.13,,,,,,,,,,,,,,
2023,116,3.4,81,1,4.5,,,,,,,,,,,,,
2023,117,2.96,90,,,,,,,,,,,,,,,
2023,121,2.5,84,1.01,4.06,,,,,,,,,,,,,
2023,127,3.46,80,0.97,4,,,,,,,,,,,,,
2023,128,3.5,85,1,6,,,,,,,,,,,,,
2023,135,2.5,103.75,0.98,3.6,,,,,,,,,,,,,
2023Q1,5,2.75,,,,,,,,,,,,,,,,
2023Q1,6,2,100,0.99,,,,,,,,,,,,,,
2023Q1,8,2.67,105,0.98,,,,,,,,,,,,,,
2023Q1,14,2.92,87,1.01,,,,,,,,,,,,,,
2023Q1,16,2.67,83,0.99,,,,,,,,,,,,,,
2023Q1,20,3,90,1,,,,,,,,,,,,,,
2023Q1,23,3.17,85,0.98,,,,,,,,,,,,,,
2023Q1,24,3.5,100,1,,,,,,,,,,,,,,
2023Q1,26,3,90,1,,,,,,,,,,,,,,
2023Q1,29,3,83,0.98,,,,,,,,,,,,,,
2023Q1,30,2.42,91.3,1,,,,,,,,,,,,,,
2023Q1,32,2.5,95,1,,,,,,,,,,,,,,
2023Q1,33,2.25,130,1.02,,,,,,,,,,,,,,
2023Q1,36,2.5,,,,,,,,,,,,,,,,
2023Q1,37,2.71,85,0.98,,,,,,,,,,,,,,
2023Q1,38,2.5,90,0.98,,,,,,,,,,,,,,
2023Q1,39,2.417051,96,0.9704,,,,,,,,,,,,,,
2023Q1,41,2.25,,,,,,,,,,,,,,,,
2023Q1,45,2.2,99,1.03,,,,,,,,,,,,,,
2023Q1,47,2.33,,,,,,,,,,,,,,,,
2023Q1,48,1.8,100,1,,,,,,,,,,,,,,
2023Q1,49,2.75,105,0.97,,,,,,,,,,,,,,
2023Q1,56,2.75,,,,,,,,,,,,,,,,
2023Q1,61,3.25,88,1.02,,,,,,,,,,,,,,
2023Q1,80,1.1,97.7,1.02,,,,,,,,,,,,,,
2023Q1,85,2.67,94,1.0081,,,,,,,,,,,,,,
2023Q1,88,3.25,95,0.95,,,,,,,,,,,,,,
2023Q1,89,3.25,107.3,1.01,,,,,,,,,,,,,,
2023Q1,90,3,90.8,1.02,,,,,,,,,,,,,,
2023Q1,91,2.558,84.1,1.01,,,,,,,,,,,,,,
2023Q1,93,2.25,106,1.01,,,,,,,,,,,,,,
2023Q1,95,1.75,81.99,0.98765,,,,,,,,,,,,,,
2023Q1,97,3,,0.95,,,,,,,,,,,,,,
2023Q1,98,2.75,130,1.04,,,,,,,,,,,,,,
2023Q1,99,2.67,81.305,1.01,,,,,,,,,,,,,,
2023Q1,101,2,85,1,,,,,,,,,,,,,,
2023Q1,102,1.83,105,1,,,,,,,,,,,,,,
2023Q1,107,2.5,90.24654679,0.97,,,,,,,,,,,,,,
2023Q1,110,2,93.7,1,,,,,,,,,,,,,,
2023Q1,112,2.5,83.13101345,1.01,,,,,,,,,,,,,,
2023Q1,114,2.08,87.5,0.96,,,,,,,,,,,,,,
2023Q1,115,2.75,100,,,,,,,,,,,,,,,
2023Q1,116,3.2,89,1,,,,,,,,,,,,,,
2023Q1,117,2.83,97.5,,,,,,,,,,,,,,,
2023Q1,119,2,95,0.95,,,,,,,,,,,,,,
2023Q1,121,2.5,87,1.01,,,,,,,,,,,,,,
2023Q1,127,3.38,85,0.97,,,,,,,,,,,,,,
2023Q1,128,2.75,90,1,,,,,,,,,,,,,,
2023Q1,135,2.5,95,0.95,,,,,,,,,,,,,,
2023Q2,5,3,,,,,,,,,,,,,,,,
2023Q2,6,2.25,100,0.99,,,,,,,,,,,,,,
2023Q2,8,2.75,100,1.01,,,,,,,,,,,,,,
2023Q2,14,3.5,87,1.03,,,,,,,,,,,,,,
2023Q2,16,3,80,1.01,,,,,,,,,,,,,,
2023Q2,20,3,90,1.03,,,,,,,,,,,,,,
2023Q2,23,3.5,90,1,,,,,,,,,,,,,,
2023Q2,24,3.5,95,1.05,,,,,,,,,,,,,,
2023Q2,26,3,90,1,,,,,,,,,,,,,,
2023Q2,29,3.25,80,0.98,,,,,,,,,,,,,,
2023Q2,30,3.17,88.8,1,,,,,,,,,,,,,,
2023Q2,32,3,93,1,,,,,,,,,,,,,,
2023Q2,33,2.5,100,1,,,,,,,,,,,,,,
2023Q2,36,3,,,,,,,,,,,,,,,,
2023Q2,37,3,90,1,,,,,,,,,,,,,,
2023Q2,38,2.5,89,0.983,,,,,,,,,,,,,,
2023Q2,39,2.75,94,1.0145,,,,,,,,,,,,,,
2023Q2,41,2.5,,,,,,,,,,,,,,,,
2023Q2,45,2.25,97.54,1.05,,,,,,,,,,,,,,
2023Q2,47,2.5,,,,,,,,,,,,,,,,
2023Q2,48,2.2,100,1,,,,,,,,,,,,,,
2023Q2,49,2.75,105,1.01,,,,,,,,,,,,,,
2023Q2,56,2.75,,,,,,,,,,,,,,,,
2023Q2,61,3.75,86,1.02,,,,,,,,,,,,,,
2023Q2,80,1.21,96.5,1.02,,,,,,,,,,,,,,
2023Q2,85,2.75,90,0.9947,,,,,,,,,,,,,,
2023Q2,88,3.25,90,0.95,,,,,,,,,,,,,,
2023Q2,89,3.92,103.3,1.02,,,,,,,,,,,,,,
2023Q2,90,3,89,1.04,,,,,,,,,,,,,,
2023Q2,91,3.03,82.3,1,,,,,,,,,,,,,,
2023Q2,93,2.25,102,1.03,,,,,,,,,,,,,,
2023Q2,95,1.75,78.73,0.99361,,,,,,,,,,,,,,
2023Q2,97,3,,1,,,,,,,,,,,,,,
2023Q2,98,2.75,130,1.08,,,,,,,,,,,,,,
2023Q2,99,2.75,77.568,1.01,,,,,,,,,,,,,,
2023Q2,101,2,87,1.02,,,,,,,,,,,,,,
2023Q2,102,2.08,95,1.03,,,,,,,,,,,,,,
2023Q2,107,3,87.60767832,0.97,,,,,,,,,,,,,,
2023Q2,110,2,91.1,1,,,,,,,,,,,,,,
2023Q2,112,2.5,71.84187895,1.02,,,,,,,,,,,,,,
2023Q2,114,2.25,83.4,0.97,,,,,,,,,,,,,,
2023Q2,115,2.75,95,,,,,,,,,,,,,,,
2023Q2,116,3.5,85,1,,,,,,,,,,,,,,
2023Q2,117,3,92.5,,,,,,,,,,,,,,,
2023Q2,119,2,95,0.95,,,,,,,,,,,,,,
2023Q2,121,2.5,84,1.01,,,,,,,,,,,,,,
2023Q2,127,3.5,80,0.97,,,,,,,,,,,,,,
2023Q2,128,3.75,85,1,,,,,,,,,,,,,,
2023Q2,135,2.5,100,0.97,,,,,,,,,,,,,,
2023Q3,5,2.75,,,,,,,,,,,,,,,,
2023Q3,6,2.5,100,0.99,,,,,,,,,,,,,,
2023Q3,8,2.75,95,1.02,,,,,,,,,,,,,,
2023Q3,14,4.08,87,1.05,,,,,,,,,,,,,,
2023Q3,16,3,78,1.03,,,,,,,,,,,,,,
2023Q3,20,3,90,1.06,,,,,,,,,,,,,,
2023Q3,23,3.5,90,1.02,,,,,,,,,,,,,,
2023Q3,24,3.5,85,1.1,,,,,,,,,,,,,,
2023Q3,26,3,90,1,,,,,,,,,,,,,,
2023Q3,29,3,78,0.98,,,,,,,,,,,,,,
2023Q3,30,3.5,86.9,1,,,,,,,,,,,,,,
2023Q3,32,3.25,91,1,,,,,,,,,,,,,,
2023Q3,33,2.5,90,,,,,,,,,,,,,,,
2023Q3,36,3,,,,,,,,,,,,,,,,
2023Q3,37,3.23,90,1.02,,,,,,,,,,,,,,
2023Q3,38,2.5,88,0.987,,,,,,,,,,,,,,
2023Q3,39,2.75,92,1.039,,,,,,,,,,,,,,
2023Q3,41,2.75,,,,,,,,,,,,,,,,
2023Q3,45,2.19,95.11,1.06,,,,,,,,,,,,,,
2023Q3,47,2.5,,,,,,,,,,,,,,,,
2023Q3,48,2.6,100,1.05,,,,,,,,,,,,,,
2023Q3,49,2.75,110,1.05,,,,,,,,,,,,,,
2023Q3,56,2.75,,,,,,,,,,,,,,,,
2023Q3,61,4,84,1.03,,,,,,,,,,,,,,
2023Q3,80,1.36,95.4,1.03,,,,,,,,,,,,,,
2023Q3,85,2.75,89,0.9728,,,,,,,,,,,,,,
2023Q3,88,3.25,90,0.98,,,,,,,,,,,,,,
2023Q3,89,4,99.3,1.03,,,,,,,,,,,,,,
2023Q3,90,3,87.5,1.05,,,,,,,,,,,,,,
2023Q3,91,3.13,80.3,0.98,,,,,,,,,,,,,,
2023Q3,93,2.25,98,1.04,,,,,,,,,,,,,,
2023Q3,95,1.75,76.76,0.99875,,,,,,,,,,,,,,
2023Q3,97,3,,1.05,,,,,,,,,,,,,,
2023Q3,98,2.75,125,1.11,,,,,,,,,,,,,,
2023Q3,99,2.75,75.786,1.02,,,,,,,,,,,,,,
2023Q3,101,2,89,1.04,,,,,,,,,,,,,,
2023Q3,102,2.33,90,1.07,,,,,,,,,,,,,,
2023Q3,107,3,85.40913287,0.97,,,,,,,,,,,,,,
2023Q3,110,2,89.2,1,,,,,,,,,,,,,,
2023Q3,112,2.25,65.77164897,1.03,,,,,,,,,,,,,,
2023Q3,114,2.25,79.2,1,,,,,,,,,,,,,,
2023Q3,115,2.75,95,,,,,,,,,,,,,,,
2023Q3,116,3.5,83,1,,,,,,,,,,,,,,
2023Q3,117,3,87.5,,,,,,,,,,,,,,,
2023Q3,121,2.5,83,1.01,,,,,,,,,,,,,,
2023Q3,127,3.5,75,0.97,,,,,,,,,,,,,,
2023Q3,128,4,85,1,,,,,,,,,,,,,,
2023Q3,135,2.5,110,0.99,,,,,,,,,,,,,,
2024,5,2,,,,,,,,,,,,,,,,
2024,6,2.75,100,0.99,,,,,,,,,,,,,,
2024,8,2.56,90,1.08,3,,,,,,,,,,,,,
2024,14,4.51,80,1.13,7.2,,,,,,,,,,,,,
2024,16,2.56,74,1.09,3.6,,,,,,,,,,,,,
2024,20,3,90,1.1,,,,,,,,,,,,,,
2024,23,3.5,95,1.05,3,,,,,,,,,,,,,
2024,24,3.125,80,1.2,,,,,,,,,,,,,,
2024,26,2.5,90,1,,,,,,,,,,,,,,
2024,29,2.5,72,0.98,,,,,,,,,,,,,,
2024,30,3.5,81.5,1,,,,,,,,,,,,,,
2024,33,2,110,0.98,4,,,,,,,,,,,,,
2024,36,2.75,,,,,,,,,,,,,,,,
2024,37,3.5,90,1.08,,,,,,,,,,,,,,
2024,39,2.550403,87,1.0874,3,,,,,,,,,,,,,
2024,45,1.75,87.14,1.09,,,,,,,,,,,,,,
2024,49,2.75,90,1.1,,,,,,,,,,,,,,
2024,56,2.75,,,,,,,,,,,,,,,,
2024,80,1.6,93.6,1.05,,,,,,,,,,,,,,
2024,85,2.73,82.5,0.9024,,,,,,,,,,,,,,
2024,88,2.8,90,1.02,3,,,,,,,,,,,,,
2024,89,3.98,83.8,1.08,,,,,,,,,,,,,,
2024,90,2,80.4,1.1,1.7,,,,,,,,,,,,,
2024,91,2.5,75.3,0.88,,,,,,,,,,,,,,
2024,93,2.25,82,1.08,,,,,,,,,,,,,,
2024,95,2.25,72.4025,1.02129,4.18628414,,,,,,,,,,,,,
2024,97,2.25,,1.15,,,,,,,,,,,,,,
2024,98,2.75,125,1.15,3,,,,,,,,,,,,,
2024,99,2.75,71,1.048,3.5,,,,,,,,,,,,,
2024,102,2.48,,1.16,3.4,,,,,,,,,,,,,
2024,107,2.75,80,0.97,2.9,,,,,,,,,,,,,
2024,110,2,83.8,1,,,,,,,,,,,,,,
2024,112,2,75,1.06,,,,,,,,,,,,,,
2024,114,2.25,66,1.04,2.5,,,,,,,,,,,,,
2024,117,2.75,75,,,,,,,,,,,,,,,
2024,121,2.5,80,1.01,3.6,,,,,,,,,,,,,
2024,127,2.75,70,1,4.5,,,,,,,,,,,,,
2024,128,4,80,1,5,,,,,,,,,,,,,
2022Q4,1,,91,0.97,,,,,,,,,,,,,,
2022Q4,7,,98.44238056,1.019363013,,,,,,,,,,,,,,
2022Q4,15,,89.6,0.97,,,,,,,,,,,,,,
2023,1,,99,0.95,,,,,,,,,,,,,,
2023,7,,89.65469162,1.019363012,,,,,,,,,,,,,,
2023,15,,82.8,0.98,,,,,,,,,,,,,,
2023,32,,92,1,,,,,,,,,,,,,,
2023Q1,1,,95,0.95,,,,,,,,,,,,,,
2023Q1,7,,93.12963833,1.019363013,,,,,,,,,,,,,,
2023Q1,15,,86.4,0.97,,,,,,,,,,,,,,
2023Q2,1,,100,0.93,,,,,,,,,,,,,,
2023Q2,7,,90.33328279,1.019363011,,,,,,,,,,,,,,
2023Q2,15,,83.4,0.98,,,,,,,,,,,,,,
2023Q3,1,,100,0.93,,,,,,,,,,,,,,
2023Q3,7,,88.39816476,1.019363011,,,,,,,,,,,,,,
2023Q3,15,,81.5,0.98,,,,,,,,,,,,,,
2024,1,,105,1.1,,,,,,,,,,,,,,
2024,15,,76.8,1,,,,,,,,,,,,,,
2024,32,,85.5,1,,,,,,,,,,,,,,
2024,115,,85,,,,,,,,,,,,,,,
2022,8,,,,4,,,,,,,,,,,,,
2022,14,,,,7,,,,,,,,,,,,,
2022,16,,,,3.9,,,,,,,,,,,,,
2022,23,,,,2.5,,,,,,,,,,,,,
2022,33,,,,4,,,,,,,,,,,,,
2022,39,,,,4.25,,,,,,,,,,,,,
2022,88,,,,4.2,,,,,,,,,,,,,
2022,90,,,,2.6,,,,,,,,,,,,,
2022,95,,,,3.87465174,,,,,,,,,,,,,
2022,98,,,,3.25,,,,,,,,,,,,,
2022,99,,,,4.1,,,,,,,,,,,,,
2022,101,,,,4,,,,,,,,,,,,,
2022,102,,,,4.3,,,,,,,,,,,,,
2022,107,,,,4,,,,,,,,,,,,,
2022,114,,,,4.1,,,,,,,,,,,,,
2022,116,,,,4,,,,,,,,,,,,,
2022,121,,,,4.1,,,,,,,,,,,,,
2022,127,,,,3,,,,,,,,,,,,,
2022,128,,,,6,,,,,,,,,,,,,
2022,135,,,,4.9,,,,,,,,,,,,,
2027,8,,,,2.8,,,,,,,,,,,,,
2027,14,,,,8,,,,,,,,,,,,,
2027,16,,,,2.1,,,,,,,,,,,,,
2027,23,,,,2,,,,,,,,,,,,,
2027,33,,,,3,,,,,,,,,,,,,
2027,39,,,,2.52,,,,,,,,,,,,,
2027,88,,,,2,,,,,,,,,,,,,
2027,90,,,,1.7,,,,,,,,,,,,,
2027,95,,,,1.979492,,,,,,,,,,,,,
2027,98,,,,2,,,,,,,,,,,,,
2027,107,,,,2.8,,,,,,,,,,,,,
2027,114,,,,3,,,,,,,,,,,,,
2027,121,,,,3.5,,,,,,,,,,,,,
2027,127,,,,3,,,,,,,,,,,,,
2027,128,,,,3.5,,,,,,,,,,,,,
